面料知识,分辨面料正反面的简单手段,"服装面料的质量关系到服装的美观性和舒适性，不过如果面料的质量非常好，但是弄错了正反面，那还是无法达到想要的效果。因此区分面料的正反面也是服装加工或者是其他面料应用的时候一项简单又重要的工作。

1、大部分的面料在正面的花纹和颜色都会比反面要的清楚好看，如果在上面有条格或者其他花纹的话，那它的正面肯定是更加的清晰，如果在面料上面有凸出来的部分，那在正面的地方肯定会更加的紧密一些，也会更加的细致，不过在反面的话就会比较粗糙了，还会有浮长线存在，还可以检查面料的布边，如果比较干净整齐的就是正面。



2、另外各种面料正反面都有各自的特征，比如说是起毛面料，如果是单面起毛的，那有毛绒的那一面就是正面的，但是如果是双面起毛的，那正面肯定是就是绒毛比较光洁蒸汽的那一面了，多层面料如果正反两面的经纬密度一样的时候，大部分情况下原料比较好，或者是密度比较大的那一面是正面，另外纱罗面料的正面的问路会凸出来一些，毛巾面料的正面毛圈密度会比较大，印花面料正面的颜色比较亮，上面的图案更加清晰一些。

3、还有一种辨别方法就是除了出口的面料，如果有商标或者有检验章大部分都是反面。其实一般的面料正反面还是有明显的差别的，不过也有少数的正反面都差不多，两面都可以诶用，所以像这种面料就不需要分辨它们的正反面了。"

面料知识,夏季服装的几种常见面料保养,"锦纶面料类

1、不可熨烫

2、洗后不要在阳光下暴晒，锦纶面料的光照牢度不是很好，易发生光照褪色


棉线类

1、冷水机洗，不可过重

2、全棉线衫的回弹性较差，容易变形，穿着时不可拉扯过大，尤其领口、袖口、下摆等处，晴纶棉混纺的线衫回弹性相对较好，不如全棉线衫容易变形，但较容易起毛，洗涤时也需注意不可过重


衬衫

1、冷水机洗，不可漂白

2、不可高温压烫

3、混纺类衬衫熨烫温度要适当降低，垫布熨烫

4、硬领不可熨烫

5、挂储







印花T恤

1、印花位不可拉扯，不可揉搓，绞拧

2、印花位不可熨烫，防止印花脱落

3、罗纹布的弹性较好，印花位在拉扯过大时容易发生脱落现象。


弹性T恤

1、弹性面料不可高温熨烫，防止损伤面料弹性

2、不可漂泊，会损伤面料弹性

3、有些弹性面料是采用包芯纱织造，纱线较蓬松，布面毛绒较多，洗涤时注意不要过重，防止起毛过多

4、不可暴晒，防止面料弹性受损害


全棉轻薄T恤

1、洗涤时不可过重，不要与其他粗厚衣服一起洗涤，防止变形、起毛过重和被勾伤、擦伤，最好单独洗涤

2、轻薄面料组织较稀，面料弹力较低，日产穿着时注意防止硬物勾纱，造成破洞

3、轻薄面料易变形，穿着时注意不要拉扯过大"

面料知识,机织大、小提花面料的鉴别,"可能大家在工作中会要判断一块面料大、小提花的类型，看到论坛上没有详细的帖子，所以，花点时间总结一下。用通俗的言语来说明机织大、小提花两者的区别和判断，希望看完之后，大家都能鉴别大、小提花，个人能力有限，如有不当之处请指出讨论。
看一段百度百科的文字：“大提花与小提花的区别，简单地说就是：大提花织物是一个组织循环经纱数可达到数百根，需用贾卡强机织制．小提花是由多臂织机织制的小花纺纹组织的棉织物，或称小花纹织物，多臂提花织物”
以上是直接引用百度百科，从字面理解：组织循环经纱数多的就是大提花，少的就是小提花。
这很容易误导我们对一块提花面料的误判。
来点简单的理论说明，机织物是由经、纬纱交织而成，经纱上、下运动，纬纱左、右穿梭。我们都知道纬纱在经纱上、下运动形成的梭口内左、右穿梭，运动单一，不会对织物组织风格有影响。经纱的“开口”运动规律则直接影响织物组织风格。
理解一下“开口”运动的作用，“开口”的作用是使踪框（通丝）作升降运动，从而将穿在综框（通丝）上的全幅经纱分开形成梭口，并且根据织物要求的交织规律，控制综框（通丝）的升降顺序。
开口机构的类型；
1，电子多臂：织造小提花面料，一般由电磁吸铁接收工控机指令通电，控制棕框升降。
2，电子大提花龙头：织造大提花面料，由电子纹针接收工控机指令控制每一个通丝的升降。
一般多臂织机的综框在16到20片，大提花龙头最常见的是2640针。
穿综捞头；
1，多臂穿综，织物结构里讲穿综原则：把浮沉交织规律相同的经纱一般穿入同一页综片中，也可穿入不同综页中，而不同交织规律的经纱必须分穿在不同综页中。穿综图至少画出一个穿综循环。
2，电子大提花捞头都是从左至右依次捞头。
以上是大、小提花生产过程中基本情况，以助理解。啰嗦这么多，接下来是重点。
接下来是判断方法：
一，判断织物经、纬向；
二，找出一个完整的纬向循环；
三，找出一个完整循环内有多少根不同运动的经纱根数；
四，一般情况下不同运动经纱根数在20根以下是小提花，20根以上是大提花
以上只是初步判断，实际过程中，还要根本公司设备配置情况来分析，比如某公司多臂机织最多配置了16片综框，那么织造不同运动经纱根数的织物就得用大提花机织来织造，同时还得考虑到每片综片的综丝密度，因为每片综综丝密度过大会导致生活不好做等问题。比如初步判断用20不同运动的经纱，公司配置有20片综的多臂织机，但织物经密过大导致每片综综丝密度过大，此时，要考虑放到大提花机织织造。实际工作中，不管是做设计还是销售都可以根据自己的实际情况来分析、判断。"

面料知识,机织物小提花设计技巧,"在机织物中，小提花织物以其绚丽多彩、争奇斗妍、雅尚文静、富于变幻感等特点，为众多消费者所喜爱。在纺织行业中，由于机织物小提花一般只通过简单的改变提综顺序，整经时的纱线排列等手段就能改变并产生多种花型，因此品种翻改成本低，变换快，经济实用。
1织物表面光泽与组织结构的关系
不同织物组织其表面光泽明、暗程度不同。以平纹、斜纹和缎纹组织为例，由于交织点和弯曲次数相对逐渐减少，浮长逐渐由较短变为较长，因而光泽逐渐由暗淡变为明亮。
平纹组织无正反面之分，斜纹、缎纹组织有正反面之分；斜纹组织还有向左或向右的斜向纹路。
2不同原料和织物的反射光差异
纤维原料的反射光和染色织物的外观受许多因素的影响。影响纤维反射光的因素有：整列体的厚度；纤维的半径；染料的浓度；染料纤维聚合体的消光系数；纤维中染料浓度的分布；纤维本身和所用浸渍液的折射指数比率等。不同原料、不同工艺的纤维具有千差万别的反射光取决条件，相比互为色差。
染色织物外观取决条件有：纤维的旦数；纤维横截面形状；纤维中存在的消光剂和空腔；纤维表面粗糙度或光滑度；纤维卷曲度；纱线结构(包括捻度、张力和变形加工)；织物结构。此外，采用不同染色织物外观影响因素的搭配，在染色等处理后还会产生织物表面局部反射光差异。
3机织物小提花的形成
机织物小提花的形成主要是运用不同织物组织的光泽明、暗程度和组织结构上存在差异的原理，巧妙变化不同组织的排列形成提花。或利用不同原料、不同加工工艺、不同颜色等带来的纤维反射光、外观、染色吸色等不同，以及染色织物外观取决条件的不同产生染色色差等，配合使用不同的经、纬纱线来使形成的提花花纹更加明显，更具立体感和美感。"

面料知识,广交会使用频率最高的英语例句,"广交会使用频率最高的英语例句
What about the price? 对价格有何看法？
What do you think of the payment terms? 对支付条件有何看法？
How do you feel like the quality of our products? 你觉得我们产品的质量怎么样？
What about having a look at sample first? 先看一看产品吧？
What about placing a trial order? 何不先试订货？
The quality of ours is as good as that of many other suppliers, while our prices are not high as theirs. By the way, which items are you interested in?我们的产品质量与其他生产商一样的好，而我们的价格却不象他们的那样高。哎，你对哪个产品感兴趣？
You can rest assured. 你可以放心。
We are always improving our design and patterns to confirm to the world market.我们一直在提高我们产品的设计水平，以满足世界市场的要求。
This new product is to the taste of European market. 这种新产品欧洲很受欢迎。
I think it will also find a good market in your market.我认为它会在你国市场上畅销。
Fine quality as well as low price will help push the sales of your products.优良的质量和较低的价格有助于推产品。
While we appreciate your cooperation, we regret to say that we can’t reduce our price any further.虽然我们感谢贵方的合作，但是很抱慊，我们不能再减价了。
Reliability is our strong point. 可靠性正是我们产品的优点。
We are satisfied with the quality of your samples, so the business depends entirely on your price. 我们对样品的质量很满意，因此交易的成败就取决于你们的价格了。
To a certain extent，our price depends on how large your order is.在某种程度上，我们的价格就得看你们的 定单 有多大。
This product is now in great demand and we have on hand many enquiries from other countries.这种产品现在需求量很大，我们手头上来自其他国家的很多 询盘 。
Thank you for your inquiry. Would you tell us what quantity you require so that we can work out the offer? 谢谢你询价。为了便于我方提出报价，能否请你谈谈你方需求数量？
Here are our FOB price. All the prices in the lists are subject to our final confirmation.这是我们的 FOB 价格单。单上所有价格以我方最后确认为准。
In general, our prices are given on a FOB basis. 通常我们的报价都是FOB价。"

面料知识,面料成份及特点知识大全,"面料成份及特点知识大全


麻： 是一种植物纤维，被誉为凉爽高贵的纤维，它吸湿性好，放湿也快，不易产生静电热传导大，迅速散热，穿着凉爽，出汗后不贴身，较耐水洗，耐热性好。

桑蚕丝：天然的动物蛋白质纤维，光滑柔软，富有光泽，有冬暖夏凉的感觉，磨擦时有独特的“丝鸣“现象，有很好的延伸性，较好的耐热性，不耐盐水浸蚀，不宜用含氯漂白剂或洗涤剂处理。

粘胶： 以木材、棉短绒、芦苇等含天然纤维素的材料化学材料加工而成，也常称人造绵，具有天然纤维的基本性能，染色性能好，牢度好，织物柔软，比重大，悬垂好，吸湿性好，穿着凉爽，不易产静电、起毛和起球。

醋酯纤维： 由含纤维素的天然材料经化学加工而成，肯有丝绸的风格，穿着轻便舒适，有良好的弹性和弹性回复性能，不宜水洗，色牢度差。

涤纶： 属于聚酯纤维，具有优良的弹性和回复性，面料挺括，不起皱，保形性好，强度高，弹性又好，经久耐穿并有优良的耐光性能，但容易产生静电和吸尘吸湿性差。吸湿透气好，易染色，织物具有良好手感，穿着舒适，悬垂性好，耐洗涤。

锦纶： 为聚酰胺纤维，也是所谓的尼龙，染色性在合成纤维是较好的，穿着轻便，又有良好的防水防风性能，耐磨性高，强度弹性都很好。

丙纶： 外观似毛戎丝或棉，有蜡状手感和光泽，弹性和回复性一般不易起皱比重小，轻，服装舒性好，能更快传递汗水使皮肤保持舒适感，强度耐磨性都比较好经久耐用，不耐高温。

氨纶： 具有优良弹性又称弹力纤维，也称莱卡，弹性好，手感平滑，吸湿性小，有良好耐气候和耐化学品性能，可机洗，耐热性差。

维纶： 织物外观和手感似棉布，弹性不佳，合湿性好比重和导热系数小，穿着轻便保暖，强度耐磨性较好结实耐穿，有优良耐化学品，日光等性能。

纯麻细纺： 具有细密、轻薄、挺括、滑爽风格，有较好的透气性和舒适感。

夏布： 是中国传统纺织品，织物颜色洁白，光泽柔和，穿着时有清汗离体、挺括凉爽的特点。

交织麻织物： 质地细密、坚牢耐用，而面洁净，手感均比纯麻织物柔软，穿着舒适。

派力司： 是羊毛混合涤纶，表面光洁、质地轻薄、手感爽利、挺括搞皱、易洗涤易干，有良好穿着性能。

华达呢： 亦称轧别丁，属细斜纹棉织物的一种。其质地厚实，挺而不硬，耐磨损而不折裂。手感滑糯而实，质地紧密且富有弹性，布面光洁平整色光柔和自然。

啥味呢： 由混用衣料加工法不同，分毛面啥味呢、沅面啥味呢及混纺啥味呢、毛面啥味呢沅泽自然柔和，底纹隐约可见，手感不板不糙，糯而不烂，有身骨，光面啥味呢面无茸毛，纹路清晰，光洁平整无极光，手感滑而挺括。混纺啥味呢，挺括抗皱，易洗免烫，有较好服装保形性。

薄花呢： 质地轻薄、手感滑爽、穿着舒适、挺括、吸湿好、透气好。

松轻毛织物： 具有轻松柔软、结构松、重量轻、手感柔、有弹性、透气好的特征，穿着舒适。

麦尔登： 粗纺毛织物的一种，手感丰满，呢面细洁平整，身骨挺实、富有弹性、耐磨不易起球，色泽柔和美观。

长毛绒： 亦称海虎绒，绒毛平整挺立，毛从稠密坚挺，保暖性好，绒面光泽明亮，柔和，手感丰满厚实，保暖轻便，具有良好的耐穿性。

平布： 组织简单，结构紧密，牢固结实，表面平整缺管弹性。

细布： 面料比丝绸坚牢，表面平整细洁，轻薄似绸，柔软，舒适。

府绸： 质地细密、轻薄、布面柔软、滑爽、挺括，表面织纹清晰颗粒饱满，光泽莹润，有好的质感。

巴百纱： 质地很轻薄，穿在身上有很好的舒适感，有良好的吸湿性和透气性，独具稀、薄、爽等风格。

卡其： 织物质地紧密，厚实，坚牢，具有很好的耐磨性，挺括，织纹清晰。

贡缎： 表面光滑、细腻、手感柔软、光泽好、色泽亮丽，有很好的弹性质地紧密不易变形。

绉布： 布面皱缩不平，亦称核桃呢，轻薄柔软，滑爽新颖，易染色。

牛津布： 具有特色棉织物，具有手感柔软、光泽自然、布面气孔多，穿着舒适，平挺保形性好。

棉缎： 属缎纹棉布产品，具有丝样的光泽和缎的风格，手感绵软，质地厚实、有弹性、穿着舒适，外观色泽好。

灯芯绒： 手感柔软，绒条圆直，纹路清晰，绒毛丰满，质地坚牢耐磨。

绒布：触感柔软，保暖性好，穿着舒适，布面外观色泽柔和。

山羊绒： 质地轻盈，又十分保暖，属于独特稀有的动物纤维，在国外有“纤维钻石”、“软黄金”之称，它具有柔软，纤细，滑糯、轻薄、富有弹性等特点并有天然柔和的色泽而且吸湿性好，耐磨性好。

兔毛： 比重小，保暖好，富有弹性，具有吸湿性强，柔软，保暖，美观等特征，抱合力差，强力较低，易落毛。

马海毛： 强度高，弹性恢复率高，抗皱能力强，耐磨性和吸湿性好，防污性强，染色性好，不收缩不易毡缩。

骆驼毛绒： 颜色较浅，光泽弱、手感滑柔，弹性和强度好，保暖好，耐磨性好。

精纺毛织物： 织纹清晰，色彩鲜明柔和，质地紧密，手感柔软，挺括而有弹性。

粗纺毛织物： 质地厚实，手感丰满结实，不易变形，保暖性好。

长毛绒： 丰满厚实，手感柔软，弹性丰富，保暖性好，不易变形。

缎： 质地细密柔软，表面光滑明亮，精致细腻。

合成纤维长丝： 坚牢，耐磨，易洗，容易干，而且不易起皱，不变形等特征。

麻棉混纺： 棉吸湿性好，染色性好，保暖性好，麻有强度高，天然光泽好，染色鲜艳，不易褪色，耐热好，麻棉混纺，外观不如纯棉织物干净但光泽好，有柔软感，较挺爽，散热性好，不易褪色。

涤麻混纺： 涤不易变形，不起毛，麻强度好，光泽好，不易褪色，涤麻混纺弥补了一些不足使织物挺爽，吸湿性好，穿着舒适，易洗快干，减少起皱，起毛。

进口长绒棉： 吸湿排汗显著，保护近肌肤，着色好，强力好，伸缩性佳等特点，手感柔软，光泽柔和，质朴，保暖性好。

绢丝： 世界各地公认华贵的天然纤维，属高级纺织原料，具有较高强伸度，纤维细而柔软，平滑有弹性，吸湿性好，织物有光泽，有独特“丝鸣”感，穿到身上滑爽，舒适，高雅华贵。

真丝：亮丽、高贵，一定的直丝含量，可使产品手感更滑爽，组织更密实，富有光泽，舒适，高雅，华贵，有良好弹性强度，吸湿性好，穿着透气，舒适。

天丝： 是一种环保纤维，在提纯纺丝过程中，用高科技工艺，保护具天然纤维所有特性，它吸湿透气性强，织物悬垂，丝质滑爽，染色鲜艳等特性。反复洗涤，日晒也不失诸多保健功能，不易起球。

丝光棉纱线： 具有丝一般亮丽的光泽，高等级的色牢度和良好的手感，具有棉的透气柔软吸湿性，又有丝一般滑爽亮的特征。

台湾天丝： 在毛衫织造中加入一跟纤维，既增强美感，又弥补天丝的功能缺陷，光泽好，色泽亮丽，衣物不变形，不易起毛起球，不易褪色。

竹纤维： 一种环保纤维，竹子有抗菌防紫处线特征，在纤维提纯过程中用高科技工艺保护具天然的抗菌抑菌，除臭和防紫外线物质，具有透气强、织物悬垂、丝质滑爽、染色鲜艳、抗菌、除臭、防紫外线、反复洗晒也不失诸多功能。

晴纶： 俗称“人造羊毛”具有柔软、保暖、强力好的特性，表面平整，结构紧密，不易变形，水洗后缩水极小。

丝光羊毛： 光泽柔和，细致柔软，吸湿性强，透气性好，舒适而不粘具有一般保暖功能并使人体保持清爽，有较好的耐热性。

100%美丽诺超细羊毛： 表面光滑平整，抗起球，经过剥鳞处理，减小毡收缩，缩水率低，机洗后不发生变形，光泽度好，弹性优良，保暖性好，手感丰满，柔软舒适，适宜贴身穿着。

驼绒： 属粗纺毛织物，具有质地松软富有弹性，绒面丰满，手感厚实，轻柔保暖。

毛粘混纺： 具有与线纯毛织物相似的外观风格和基本特点，外观更为细腻。

天丝、亚麻混纺： 织物手感丰满、滑糯、有真丝般光泽、悬垂性好，挺实爽身。

涤棉混纺： 可以弥补涤纶吸湿性小、透气舒适的美之不足，外观光洁，手感厚实，富有弹性，坚实耐穿，保形性好。

涤绢混纺： 既有毛型的柔润，又有丝绸的滑爽，光泽柔和明亮，挺括，免烫、坚牢耐用。富有弹性，缩水率比纯丝小。

涤粘华达呢：　特征为挺括、免烫、具有毛型感和弹性。

涤晴隐条呢：挺括，成衣变形小，易洗快干，免烫，保形，缩水率小。"

面料知识,面料成分的英文缩写,"一.-----化纤主要品种名称----------------------------------------俗称
PET(PETP)-----聚对苯二甲酸乙二酯（聚酯）--------------涤纶（Polythylene terephthalate)
PBT-----聚对苯二甲酸丁二酯（弹性聚酯）--------------阳离子改性涤纶
PA------聚酰胺（尼龙）-------------------------------------锦纶
NYLON FILAMENT YARN-----------------------------------尼龙丝
NYLON DTY---------------------------------------------------尼龙加工丝
PAN-----聚丙烯腈---------------------------------------------腈纶
PVA-----聚乙烯醇---------------------------------------------维纶
PP------聚丙烯------------------------------------------------丙纶
PE------聚乙烯------------------------------------------------乙纶
PVC-----聚氯乙烯--------------------------------------------氯纶
PVDC----聚偏氯乙烯----------------------------------------偏氯纶
PU------聚氨基甲酸酯（聚氨酯）-------------------------氨纶
PTFE----聚四氟乙烯----------------------------------------氟纶
PI---------------------------------------------------------------聚酰亚胺
PS--------------------------------------------------------------聚苯乙烯
CF--------------------------------------------------------------碳纤维
R----------------------------------------------------------------粘胶纤维
A----------------------------------------------------------------醋酸纤维
VFT Core-----------------------------------------------------高级垂直纤维
Therrnolite ExTra-------------------------------------------复合螺旋纤维
二.------------------------------------------------------------化纤长短丝名称
f---------------------------------------------------------------长丝
m--------------------------------------------------------------单丝 （鬃丝）
LOY-----------------------------------------------------------低速纺丝
DTY(POLYESTER TEXTURED YARN)-----------------拉伸变形丝（假捻加工丝）
POY(POLYESTER ORTL YARN)------------------------预取向丝（高速纺丝，聚酯半延伸丝）
FDY-----------------------------------------------------------全牵伸丝
USY-----------------------------------------------------------超高速纺丝
DY------------------------------------------------------------拉伸丝
DW-----------------------------------------------------------拉伸络筒丝
BCF----------------------------------------------------------膨体（变形）长丝
NOY(NSY)---------------------------------------------------免浆丝
LDIY----------------------------------------------------------轻旦产业用丝
WD-----------------------------------------------------------拉伸整经丝（经轴）
PT------------------------------------------------------------牵伸丝
POLYESTER STAPLE YARN----------------------------聚酯棉
UDY----------------------------------------------------------未拉伸丝（常规纺丝）
MOY---------------------------------------------------------中速纺丝
HOY---------------------------------------------------------中、超高速纺丝
FDY---------------------------------------------------------全拉伸丝（纺拉一步法纺丝）
SDY---------------------------------------------------------纺（丝）拉（伸）丝
DT-----------------------------------------------------------拉伸加捻丝
TY-----------------------------------------------------------变形丝
ATY---------------------------------------------------------吹捻空气变形丝
SDTY------------------------------------------------------纺拉变形丝
HDIY-------------------------------------------------------重旦产业用丝
HWM--------------------------------------------------------高湿模量纤维
WDS--------------------------------------------------------拉伸整经上浆丝
TTY--------------------------------------------------------变形加弹丝
Polynosic--------------------------------------------------波纤、富纤、高湿模量粘胶
PSF--------------------------------------------------------聚酯短纤维
三.---------------------------------------------------化纤主要原材料名称
EO----------------------------------------------------环氧乙烷
TPA---------------------------------------------------对苯二甲酸
PCL---------------------------------------------------聚己丙酰胺
DMF---------------------------------------------------二甲基甲酰胺
DMSO--------------------------------------------------二甲基亚砜
MA----------------------------------------------------丙烯酸甲酯
MMA---------------------------------------------------甲基丙烯酸甲酯
MAS---------------------------------------------------甲基丙烯磺酸盐
PX----------------------------------------------------对二甲苯
ADA---------------------------------------------------己二酸
HMD---------------------------------------------------己二胺
PTA---------------------------------------------------高纯度对苯二甲酸
MDI---------------------------------------------------二苯基甲烷
MEG,EG (ethylene glycol)------------------------------乙二醇
PEG(Polyethylene Glycol) -----------------------------聚乙二醇
DMT---------------------------------------------------对苯二甲酸二甲酯
AN----------------------------------------------------丙烯腈
DMA---------------------------------------------------二甲基乙酰胺
EC----------------------------------------------------碳酸乙酯
YAC---------------------------------------------------醋酸乙烯
a-MVB-------------------------------------------------甲基乙烯吡啶
AS----------------------------------------------------丙烯磺酸盐
AH----------------------------------------------------尼龙66盐
ADN---------------------------------------------------己二腈
PTX---------------------------------------------------苯、甲苯、二甲苯
DGT---------------------------------------------------对苯二甲酸乙二醇
PTG---------------------------------------------------聚四亚甲基醚二醇
CHIP (POLYESTER CHIP)------------------------聚酯粒
纤维名称　缩写代号
天然纤维　丝　S
麻　L
人造纤维　粘胶纤维　R
醋酯纤维　CA
三醋酯纤维　CTA
铜氨纤维　CVP
富强纤维　Polynosic
蛋白纤维　PROT
纽富纤维　Newcell
合成纤维　碳纤维　CF
聚苯硫醚纤维　PPS
聚缩醛纤维　POM
酚醛纤维　PHE
弹性纤维　PEA
聚醚酮纤维　PEEK
预氧化腈纶　PANOF
改性腈纶　MAC
维纶　PVAL
聚乙烯醇缩乙醛纤维 PVB
氨纶　PU
硼纤维　EF
含氯纤维　CL
高压型阳离子可染聚酯纤维　CDP
常压沸染阳离子可染纤维　ECDP
聚乳酸纤维　PLA
聚对苯二甲酸丙二醇酯纤维　PTT
聚对苯二甲酸丁二醇酯纤维　PBT
聚萘二甲酸乙二醇酯纤维　PEN
聚乙烯、聚丙烯共混纤维　ES
氯纶　Pvo
聚对本二氧杂环已酮纤维　PDS
弹性二烯纤维　ED
同位芳香族聚酰胺纤维　PPT
对位芳香族聚酰胺纤维　PPTA
芳砜纶　PDSTA
聚酰亚胺纤维　Pi
超高强高模聚乙烯纤维　CHMW-PE
其他　金属纤维　MTF
玻璃纤维　GE
涤纶：PLOYESTER 锦纶：NYLON/POLYAMIDE醋酸：ACETATE 棉； COTTON
人棉：RAYON 人丝：VISCOSE 仿真丝：IMITATED SILK FABRIC 真丝：SILK
氨纶：SPANDEX/ELASTIC/STREC/LYCRA 长丝：FILAMENT 短纤：SPUN 黑丝：BLACK YARN 阳离子：CATION 三角异形丝：TRIANGLE PROFILE 空气变形丝：AIR-JET TEXTURING YARN 超细纤维：MICRO – FIBRIC 全拉伸丝：FDY （FULL DRAWN YARN） 预取向丝：POY（PREORIENTED YARN） 拉伸变形丝：DTY（DRAW TEXTURED YARN） 牵伸加捻丝：DT （DRWW TWIST）
绉布： 布面皱缩不平，亦称核桃呢，轻薄柔软，滑爽新颖，易染色。
牛津布： 具有特色棉织物，具有手感柔软、光泽自然、布面气孔多，穿着舒适，平挺保形性好。
华达呢： 亦称轧别丁，属细斜纹棉织物的一种。其质地厚实，挺而不硬，耐磨损而不折裂。
棉缎： 属缎纹棉布产品，具有丝样的光泽和缎的风格，手感绵软，质地厚实、有弹性、穿着舒适，外观色泽好。
灯芯绒： 手感柔软，绒条圆直，纹路清晰，绒毛丰满，质地坚牢耐磨。
绒布：触感柔软，保暖性好，穿着舒适，布面外观色泽柔和。
山羊绒： 质地轻盈，又十分保暖，属于独特稀有的动物纤维，在国外有“纤维钻石”、“软黄金”之称，它具有柔软，纤细，滑糯、轻薄、富有弹性等特点并有天然柔和的色泽而且吸湿性好，耐磨性好。
兔毛： 比重小，保暖好，富有弹性，具有吸湿性强，柔软，保暖，美观等特征，抱合力差，强力较低，易落毛。
马海毛： 强度高，弹性恢复率高，抗皱能力强，耐磨性和吸湿性好，防污性强，染色性好，不收缩不易毡缩。
骆驼毛绒： 颜色较浅，光泽弱、手感滑柔，弹性和强度好，保暖好，耐磨性好。
精纺毛织物： 织纹清晰，色彩鲜明柔和，质地紧密，手感柔软，挺括而有弹性。
粗纺毛织物： 质地厚实，手感丰满结实，不易变形，保暖性好。
长毛绒： 丰满厚实，手感柔软，弹性丰富，保暖性好，不易变形。
缎： 质地细密柔软，表面光滑明亮，精致细腻。
合成纤维长丝： 坚牢，耐磨，易洗，容易干，而且不易起皱，不变形等特征。
麻棉混纺： 棉吸湿性好，染色性好，保暖性好，麻有强度高，天然光泽好，染色鲜艳，不易褪色，耐热好，麻棉混纺，外观不如纯棉织物干净但光泽好，有柔软感，较挺爽，散热性好，不易褪色。
涤麻混纺： 涤不易变形，不起毛，麻强度好，光泽好，不易褪色，涤麻混纺弥补了一些不足使织物挺爽，吸湿性好，穿着舒适，易洗快干，减少起皱，起毛。
进口长绒棉： 吸湿排汗显著，保护近肌肤，着色好，强力好，伸缩性佳等特点，手感柔软，光泽柔和，质朴，保暖性好。
绢丝： 世界各地公认华贵的天然纤维，属高级纺织原料，具有较高强伸度，纤维细而柔软，平滑有弹性，吸湿性好，织物有光泽，有独特“丝鸣”感，穿到身上滑爽，舒适，高雅华贵。"

面料知识,面料的特性,"下面，对常见的服装面料的特性分别作一些简单的介绍。
1、棉布
是各类棉纺织品的总称。棉布分全棉，人棉等品种。它多用来制作时装、休闲装、内衣和衬衫。它的优点是轻松保暖，柔和贴身、吸湿性、透气性甚佳。它的缺点则是易缩、易皱，外观上不大挺括美观，在穿著时必须时常熨烫。
2、麻布
是以大麻、亚麻、苎麻、黄麻、剑麻、蕉麻等各种麻类植物纤维制成的一种布料。一般被用来制作休闲装、工作装，多以其制作普通的夏装。它的优点是强度极高、吸湿、导热、透气性甚佳。它的缺点则是穿著不甚舒适，外观较为粗糙，生硬。
3、丝绸
是以蚕丝为原料纺织而成的各种丝织物的统称。与棉布一样，它的品种很多，个性各异。它可被用来制作各种服装，尤其适合用来制作女士服装。它的长处是轻薄、合身、柔软、滑爽、透气、色彩绚丽，富有光泽，高贵典雅，穿著舒适。它的不足则是易生折皱，容易吸身、不够结实、褪色较快。
4、呢绒
又叫毛料，它是对用各类羊毛、羊绒织成的织物的泛称。它通常适用以制作礼服、西装、大衣等正规、高档的服装。它的优点是防皱耐磨，手感柔软，高雅挺括，富有弹性，保暖性强。它的缺点主要是洗涤较为困难，不大适用于制作夏装。
5、皮革
是经过鞣制而成的动物毛皮面料。它多用以制作时装、冬装。又可以分为两类：一是革皮，即经过去毛处理的皮革。二是裘皮，即处理过的连皮带毛的皮革。它的优点是轻盈保暖，雍容华贵。它的缺点则是价格昂贵，贮藏、护理方面要求较高，故不宜普及。
6、化纤
是化学纤维的简称。它是利用高分子化合物为原料制作而成的纤维的纺织品。通常它分为人工纤维与合成纤维两大门类。它们共同的优点是色彩鲜艳、质地柔软、悬垂挺括、滑爽舒适。它们的缺点则是耐磨性、耐热性、吸湿性、透气性较差，遇热容易变形，容易产生静电。它虽可用以制作各类服装，但总体档次不高，难登大雅之堂。
7、混纺
是将天然纤维与化学纤维按照一定的比例，混合纺织而成的织物，可用来制作各种服装。它的长处，是既吸收了棉、麻、丝、毛和化纤各自的优点，又尽可能地避免了它们各自的缺点，而且在价值上相对较为低廉，所以大受欢迎。
8、莫代尔
莫代尔 (Modal) 是一种高湿模量粘胶纤维的纤维素再生纤维，该纤维的原料采用欧洲的榉木，先将其制成木浆，再通过专门的纺丝工艺加工成纤维.。该产品原料全部为天然材料，对人体无害，并能够自然分解，对环境无害。Modal纤维的特点是将天然纤维豪华质感与合成纤维的实用性合二为一。具有棉的柔软、丝的光泽，麻的滑爽，而且其吸水、透气性能都优于棉，具有较高的上染率，织物颜色明亮而饱满。Modal纤维可与多种纤维混纺、交织，如棉、麻、丝等，以提升这些布料的品质，使面料能保持柔软、滑爽，发挥各自纤维的特点，达到更佳的使用效果。"

面料知识,面料色彩心理的个性因素,面料颜色的社会心理是总体上影响面料颜色的共性特征，但由于千差万别的消费者均要求有自己偏爱的独具特色的个性色彩，因此．面料在色彩方面丰富多彩而各具面貌。决定面料颜色心理的个性因素主要包括：着装动机，生活方式、生活类型及经济能力，体型、肤色．性别、年龄．文化、职业，个性品质，审美水平、兴趣，观者的个性品质。

面料知识,服装辅料,"服装辅料：需求档次提高带来行业成长
国内服装辅料行业中小企业居多、产品档次普遍较低，但成本与本土化优势明显。服装辅料需求档次与可接受价格逐渐提高，国内服装辅料企业可凭借中档产品领域的成本优势，逐渐提高企业规模、研发能力及营销网络，缩短与国际服装辅料企业的差距。服装辅料需求：档次与可接受价格逐渐提高。
服装品牌逐渐兴起、服装出口企业逐渐向ODM/OBM经营模式转变，服装辅料需求档次敏感度提高、价格敏感度降低，中高档服装辅料需求逐渐释放。
国内服装辅料企业：凭借成本优势逐渐缩短与国际服装辅料企业差距
国际服装辅料企业在高档产品领域具备绝对优势，但庞大的企业规模、全球化的营销网络及维持技术优势所需的研发投入均非常高昂，导致其向中档产品市场拓展能力有限。
企业投资价值判断：规模、研发、营销良性循环
具备规模、研发、营销良性循环特征的国内服装辅料企业，有望成为此过程中佼佼者。"

布料种类,尼丝纺,"尼丝纺 英文 Nylon taffeta
尼丝纺 又称尼龙纺,经.纬线用锦纶丝织成。一般分为中厚型(80g/m2)和薄型(40g/m2)。经纬线原料采用70D。织物组织为平纹组织.变化组织(菱形格.锦纶六边格.尼龙牛津格)。
尼龙纺坯绸的后加工有多种方式，有的可经精练、染色或印花；有的可轧光或轧纹；有的可涂层。
经增白、染色、印花、轧光、轧纹的尼龙纺，织物平整细密，绸面光滑，手感柔软，轻薄而坚牢耐磨，色泽鲜艳，易洗快干。
主要用作男女服装面料。涂层尼龙纺不透风、不透水，且具有防羽绒性，用作滑雪衫、雨衣、睡袋、登山服的面料。"

布料种类,平布,"平布的共同特点是，采用平纹组织织制，经纬纱的线密度和织物中经纬纱的密度相同或相近。根据所用经纬纱的粗细，可分为粗平布、中平布和细平布。
(1)粗平布又称粗布，大多用纯棉粗特纱织制。其特点是布身粗糙、厚实，布面棉结杂质较多，坚牢耐用。市销粗布主要用作服装衬布等。在山区农村、沿海渔村也有用市销粗布做衬衫、被里的。经染色后作衫、裤用料。
(2)中平布又称市布，市销的又称白市布，系用中特棉纱或粘纤纱、棉粘纱、涤棉纱等织制。其特点是结构较紧密，布面平整丰满，质地坚牢，手感较硬。市销平布主要用作被里布、衬里布也有用作衬衫裤、被单的。中平布大多用作漂布、色布、花布的坯布。加工后用作服装布料等。
(3)细平布又称细布，系用细特棉纱、粘纤纱、棉粘纱、涤棉纱等织制。其特点是布身细洁柔软，质地轻薄紧密，布面杂质少。市销的细布主要用作同中平布。细布大多用作漂布、色布、花布的坯布。加工后用作内衣、裤子、夏季外衣、罩衫等面料。"

布料种类,毛皮,"毛皮
毛皮，指带毛的动物皮经鞣制、染整所得到的具有使用价值的产品。又称裘皮。毛皮由毛被和皮板两部分构成（见生皮），其价值主要由毛被决定。毛皮的皮板柔韧，毛被松散、光亮、美观、保暖，经久耐用，用于制作服装、披肩、帽子、衣领、手套、靠垫、挂毯和玩具等制品。


基本含义
毛皮是指动物带毛的皮革，一般用于制作御寒服装，也有用于服装装饰部分的，有的动物保护组织认为不人道，组织抵制毛皮服装活动，美国于2000年颁布法律禁止进出口和买卖猫和狗的毛皮以保护宠物。
动物毛皮的毛一般分为两种或三种，底层的为绒毛，细而轻，但产量低，价格高；上层为刚毛，毛皮的颜色通常都来自刚毛，有的动物还有中层毛。
通常应用的毛皮有羊、兔、狗的等，比较名贵的有狐狸、海獭、貂、海狸鼠、海豹的毛皮等，常用做大衣、帽子、围巾的材料，比较厚重的毛皮如熊、狼的毛皮一般作为褥子、挂毯等材料。
如果去除毛为皮革，如羊皮，皮革作为制鞋的材料更为常用，也可用于制作服装。
单独的毛也是纺织的材料，羊毛是最常用的材料，山羊绒轻软，比较名贵，在印度非常流行藏羚羊绒制作的围巾，轻软可从戒指孔中穿过。中国的毛笔中的狼毫是用黄鼠狼尾部、山羊或兔的刚毛制作的。
根据国际保护动物组织的统计，每年在全世界有8百万张动物皮毛在进行交易，在世界各地的动物养殖场还有3千万头以上的生产皮毛动物。
由于对毛皮的需要，现在也有许多种人造毛皮在生产。"

布料种类,法兰绒,"法兰绒(Flano，Flannel)一词系外来语，是一种用粗梳（棉）毛纱织制的柔软而有绒面的（棉）毛织物。
于18世纪创制于英国的威尔士。国内一般是指混色粗梳（棉）毛纱织制的具有夹花风格的粗纺（棉）毛织物，其里面有一层丰满细洁的绒毛覆盖，不露织纹，手感柔软平整，身骨比麦尔登呢稍薄。
中文名
法兰绒
外文名
Flano
起源地
英国威尔士
发明时间
18世纪




主要特点
法兰绒色泽素净大方，有浅灰、中灰、深灰之分，适宜制作春秋男女上装和西裤，法兰绒克重高，毛绒比较细腻且密，面料厚，成本高，保暖性好。
法兰绒呢面有一层丰满细洁的绒毛覆盖，不露织纹，手感柔软平整，身骨比麦尔登呢稍薄。经缩绒、起毛整理，手感丰满，绒面细腻。




生产方法
法兰绒的生产是先将部分羊毛（或棉纤维）染色，后掺入一部分原色羊毛（或棉纤维），经混匀纺成混色毛纱，织成织品经缩绒、拉毛整理而成。大多采用斜纹组织，也有用平纹组织的。所用原料除全毛（或纯棉）外，一般为毛（或棉）粘混纺，有的为提高耐磨性混入少量锦纶纤维。




实际用途
法兰绒适用于制做西裤、上衣、童装等，薄型的也可用作衬衫和裙子的面料。原料采用64支的细羊毛，经纬用12公支以上粗梳毛纱，织物组织有平纹、斜纹等，经缩绒、起毛整理，手感丰满，绒面细腻。织物重约260～320克/米2，薄型的约220克/米2 。多采用散纤维染色 ，主要是黑白混色配成不同深浅的灰色或奶白、浅咖啡等色。也有匹染素色和条子、格子等花式。法兰绒也有用精梳毛纱或棉纱作经、粗梳毛纱作纬的，粗梳毛纱有时还掺用少量棉花或粘胶纺成。




差异区别
从面料的特点及保暖效果而言，法兰绒和珊瑚绒两种面料，表面柔软的绒毛都具有舒适的穿着感及很好的保暖效果。
但是从制造工艺来看，这两种面料又是完全不同的，编织出的纺织品经过仔细对比也存在差别，这些差别到底是什么呢？
法兰绒和珊瑚绒的区别介绍一：
法兰绒面料在编织前是将羊毛通过染色技艺后，加入原色的羊毛经过混纺编织而成，采用了斜纹编织和平纹编织技艺，同时经过了缩绒及拉毛处理，编织品具有了柔软及紧密的特点。
珊瑚绒的面料采用了涤纶纤维为原料，编织的工艺主要经过了加热、变形、冷却、定型等，编织工艺也在逐年改良和升级，不断添加新的工艺，使面料具有更丰富的层次感和丰富的颜色。
法兰绒和珊瑚绒的区别介绍二：
从原料的选择可知，法兰绒采用的羊毛原料与珊瑚绒采用的涤纶纤维有很大的不同，
从制成品可以发现，法兰绒的面料更加的厚实，毛绒的密度非常的紧密，珊瑚绒的绒毛密度相对要稀疏些，因为原料的原因，绒毛的手感也略有不同，法兰绒的手感更加的细腻柔软，同时面料的厚度及保暖性也有不同，采用羊毛为原料的法兰绒更加的厚实，更加的保暖。
从制作工艺及原料的选择，我们可以清楚的了解法兰绒和珊瑚绒的区别是什么？
从面料的手感及保暖效果进行对比，采用羊毛为原料法兰绒更胜一筹，因此可见，两种面料的区别在于面料成本，保暖效果、手感及面料绒毛的密度及是否掉毛等。"

布料种类,氨纶,"氨纶面料，又名聚氨酯类纤维面料，是氨纶做的面料。氨纶是聚氨酯类纤维，因其具有优异的弹力，故又名弹性纤维，在服装织物上得到了大量的应用，具有弹性高等特点。
中文名
氨纶面料
外文名
SP (縮寫）
主要特点
弹性非常高
别    名
聚氨酯类纤维面料
用    途
紧身服、运动装、护身带及鞋底等




特点
氨纶是聚氨酯类纤维，因其具有优异的弹力，故又名弹性纤维，在服装织物上得到了大量的应用。氨纶织物的主要特点为：
⑴氨纶弹性非常高，一般制品不使用100%的聚氨酯，多在织物中混用5~30%的比例，所得各种氨纶织物均具有15%~45%的舒适弹性。
⑵氨纶织物常以复合纱制成，即以氨纶为芯，用其它纤维(如尼龙、涤纶等)做皮层制成包芯纱弹力织物，其对身体的适应性良好，很适合做紧身衣，无压迫感。
⑶氨纶弹力织物的外观风格及服用性能与所包覆外层纤维织物的同类产品接近。


品种
氨纶织物主要用途在于紧身服、运动装、护身带及鞋底等的制造。其品种根据用途需要，可分为经向弹力织物、纬向弹力织物及经纬双向弹力织物。


用途
1、面料和服装的档次主要取决于纺织和制衣的工艺，跟原料纤维关系不大。比如有的锦纶服装十几元钱，而有的几千元钱。原料之间没有档次高低之分。
2、 内衣布料一般不单独使用锦纶或氨纶，而常常跟其他纤维混纺和交织。特别是氨纶，一般含量为5%左右。


最大优点
氨纶面料最大的优点是弹性好，可以拉伸5-8倍，不老化，氨纶不能单独织布，一般都与其他原料织在一起，氨纶比例大约在3-10%之间，泳装面料氨纶的比例达到20%。氨纶纤维具有高断裂伸长(400%以上)、低模量和高弹性回复率的合成纤维。多嵌段聚氨酯纤维的中国商品名称。又称弹性纤维。氨纶具有高延伸性(500%～700%)、低弹性模量(200%伸长，0.04～0.12克/旦）和高弹性回复率（200%伸长，95%～99%）。除强度较大外，其他物理机械性能与天然乳胶丝十分相似。它比乳胶丝更耐化学降解，具有中等的热稳定性，软化温度约在200℃以上。用于合成纤维和天然纤维的大多数染料和整理剂，也适用于氨纶的染色和整理。氨纶耐汗、耐海水并耐各种干洗剂和大多数防晒油。长期暴露在日光下或在氯漂白剂中也会退色，但退色程度随氨纶的类型而不同，差异很大。"

布料种类,天鹅绒面料,"天鹅绒素来是传统的秋装流行面料，它奢华的气质和丰富的纹理营造出魔法般的时尚氛围。天鹅绒面料质量较重，同对比效果的精致面料相搭配，如丝绸和蕾丝，营造出非凡的魅力。
中文名
天鹅绒面料
释    义
传统的秋装流行面
特    色
奢华的气质和丰富
类    型
营造出非凡的魅力




天鹅绒面料
天鹅绒面料均采用高配以上的优质棉纱制成，主要有素色、印花、提花和抽条、色织以及烂花几个系列。原料成分均有80棉/20涤，65T/35C的，80涤/20棉的，以及竹纤维棉天鹅绒等等。


天鹅绒面料种类
一、　CVC80/20天鹅绒-----32S+100D坯布刚刚下机之半成品是为CVC80/20左右，然经过染整之最终成品仅有CVC68/32----CVC72/28左右。因在中间的剪毛过程中均为棉质毛圈被剪损。
1.一般的毛圈高度在2.5MM-3.0MM之间.毛太低，剪毛不容易剪开，损耗大，;毛太高，剪毛损
耗大，而且毛圈不容易直立.
2.有些公司要求毛圈纱和地丝的捻向相反，以改善纬斜.但是依3Z看来，并不是太重要，因为天鹅绒的弹性和组织行态，起决定作用的是地纱，而地纱是涤纶的，很容易在定型的时候克服纬斜.而且一般反
包机路数较少，纬斜并不明显30""的48路和44路比较多见，26""的42路比较多见.
二、一些特殊的天鹅绒
1.3Z在03年曾经开发的R/C/T天鹅绒，应用R/C混纺纱，绒面手感和色泽特别漂亮.现市场亦有少量的绒面成份为棉/莫代尔，棉/竹纤维，棉/天丝，棉/大豆纤维等面料做高端产品。
2..一般比较浅的颜色多采用单染棉，中深色双染棉和涤.也有花灰纱的天鹅绒.或CVC棉纱双染仿彩云纱效果，色织天鹅绒等.天鹅绒在后整理时候加光亮剂，使绒面有比较好的光泽
3..大循环彩条天鹅绒和提花天鹅绒主要的几间工厂集中在常州，徐州，苏州等地。
4..应用二跑道的针,可以织出正面珠地反面毛圈效果的面料,名为珠地天鹅绒.
5.提花天鹅绒应用机械式或电脑提花毛圈可以提花毛圈呈有立体效应:
1>.两功位毛圈---A毛圈,无毛圈
2>.三功位毛圈---A毛圈,B毛圈,无毛圈.在剪毛时候剪去最高的毛圈A,面料呈现绒,圈,镂空三种效果.
6.弹力天鹅绒
三、化纤类天鹅绒
1.密丝绒---毛圈为FDY涤丝,地丝DTY涤丝.坯布开幅剪毛，预定型后染色，有些在染后多加一次梳毛,绒感较好,但会加多些损耗.也有加氨纶的密丝绒品种;
2.有毛圈纱为涤纶的蒸纱处理的品种,谓之蒸纱绒.
3.不倒绒---加氨纶的品种.绒毛基本上在地布上直立,而且手按绒面,绒面很快恢复.
4.钻石绒---毛圈为FDY有光涤丝,地丝DTY涤丝.几乎所有剪毛面料里面最容易做的一种。坯布剖幅剪毛后直接染色，织时候的轻微横条和竖条在成品后被掩盖,而且少量的剪毛不清留圈更增加整个表面的光泽度(和一些经验不足而又死板的QC沟通的时候，经常要费很多口舌去解释，郁闷),反正绒面乱乱的。
5.冰花绒---钻石绒的姐妹,主要是染色工艺略有不同.
6.金钻绒---比较厚实的加氨纶的剪毛品种,绒面乱而有光泽,类似经编富贵绒.
7.烂花绒---毛圈为人造丝(或棉纱),地纱为涤丝,人造丝做烂花图案,地纱加吃氨纶的品种难度稍高;
8.不同地域对面料称谓不一,有四面弹不倒绒,四方立绒,电子丝绒等,大多是以上列举中的原料变化或整理"

布料种类,锦纶,"简介
学名聚酰氨纤维,是中国所产聚酰胺类纤维的统称。国际上称尼龙。强度高.耐磨性,回弹性好.可以纯纺和混纺作各种衣料及针织品。主要品种有锦纶6和锦纶66,其物理性能相差不多。锦纶吸湿性和染色性都比涤纶好,耐碱而不耐酸,长期暴露在日光下其纤维强度会下降。锦纶有热定型特性,能保持住加热时形成的弯曲变形。
锦纶的长丝可制成弹力丝,短丝可与棉及晴纶混纺,以提高其强度和弹性.除了在衣着和装饰品方面的应用外,还广泛应用在工业方面如帘子线,传动带,软管,绳索,渔网,轮胎,降落伞等。
锦纶定义
锦纶是合成纤维nylon的中文名称，翻译名称又叫“耐纶”、“尼龙”，学名为polyamide fibre，即聚酰胺纤维。由于锦州化纤厂是我国首家合成polyamide fibre的工厂，因此把它定名为“锦纶”。 它是世界上最早的合成纤维品种，由于性能优良，原料资源丰富，一直被广泛使用。
锦纶面料以其优异的耐磨性著称，它不仅是羽绒服、登山服衣料的最佳选择，而且常与其它纤维混纺或交织，以提高织物的强度和坚牢度。
锦纶的性能
强力、耐磨性好，居所有纤维之首。它的耐磨性是棉纤维的10倍，是干态粘胶纤维的10倍，是湿态纤维的140倍。因此，其耐用性极佳。
锦纶织物的弹性及弹性恢复性极好，但小外力下易变形，故其织物在穿用过程中易变皱折。
通风透气性差，易产生静电。
锦纶织物的吸湿性在合成纤维织物中属较好品种，因此用锦纶制作的服装比涤纶服装穿着舒适些。
有良好的耐蛀、耐腐蚀性能。
耐热耐光性都不够好，熨烫温度应控制在140℃以下。在穿着使用过程中须注意洗涤、保养的条件，以免损伤织物。
锦纶织物属轻型织物，在合成纤维织物中仅列于丙纶、腈纶织物之后，因此，适合制作登山服、冬季服装等。
锦纶的大类品种
锦纶的品种很多，有锦纶6、锦纶66、锦纶11、锦纶610其中最主要的是锦纶66和锦纶6。各种锦纶的性质不完全相同，共同的特点是大分子主链上都有酰胺链，能够吸附水分子，可以形成结晶结构，耐磨性能极为优良，都是优良的衣着用纤维。
锦纶纤维面料可分为纯纺、混纺和交织物三大类，每一大类中包含许多品种。
1． 锦纶纯纺织物 以锦纶丝为原料织成的各种织物，如锦纶塔夫绸、锦纶绉等。因用锦纶长丝织成，故有手感滑爽、坚牢耐用、价格适中的特点，也存在织物易皱且不易恢复的缺点。锦纶塔夫绸多用于做轻便服装、羽绒服或雨衣布，而锦纶绉则适合做夏季衣裙、春秋两用衫等。
2． 锦纶混纺及交织物 采用锦纶长丝或短纤维与其它纤维进行混纺或交织而获得的织物，兼具每种纤维的特点和长处。如粘/锦华达呢，采用15%的锦纶与85%的粘胶混纺成纱制得，具有经密比纬密大一倍，呢身质地厚实，坚韧耐穿的特点，缺点是弹性差，易折皱，湿强下降，穿时易下垂。此外，还有粘/锦凡立丁、粘/锦/毛花呢等品种，都是一些常用面料。
市场上最为常见的锦纶产品为锦纶6和锦纶66。
锦纶6：全名为聚己内酰胺纤维，由己内酰胺聚合而成。
锦纶66：全名为聚己二酰己二胺纤维 ，由己二酸和己二胺聚合而成。
锦纶6与锦纶66的共同特性：耐光性较差，在长时间的日光和紫外光照射下，强度下降，颜色发黄；其耐热性能也不够好，在150℃下，经历5小时即变黄，强度和延伸度显著下降，收缩率增加。锦纶6、66长丝具有良好的耐低温性能，在零下70℃以下时，其回弹性变化也不大。它的直流电导率很低，在加工过程中容易因摩擦而产生静电，其导电率随吸湿率增加而增加，并随湿度增加而按指数函数规律增加。锦纶6、66长丝具有较强的耐微生物作用的能力，其在淤泥水或碱中耐微生物作用的能力仅次于氯纶。在化学性能方面，锦纶6、66长丝具有耐碱性和耐还原剂作用，但在耐酸性和耐氧化剂作用上性能较差。"

布料种类,雪纺,"雪纺

雪纺是丝产品中的纺类产品，名称来自英语Chiffon的音义，意为轻薄透明的织物，具有织物轻薄、透明、柔软、飘逸的特点。近几年来，由于化纤技术的飞速发展，由“化纤”替代了原来的“真丝”。
其手感、风格非常接近或类似，所以常常把雪纺说成真丝雪纺或者化纤雪纺。

中文名
雪纺
外文名
CHIFFE
别    名
乔其纱

本    质
一种丝织物
名称来源
英国（georgette）
面    料
涤纶FDY100D

目录

1 产品介绍
2 产品特性
3 好处

4 分类
5 保养
6 辨别

7 著名品牌
8 搭配

产品介绍

经丝与纬丝采用S捻和Z捻两种不同捻向的强捻纱，按2S、2Z（两左两右）相间排列，以平纹组织交织，织物的经纬密度很小。坯绸经精练后，由于丝线的退捻作用而收缩起绉，形成绸面布满均匀的皱纹、结构疏松的乔其纱。根据所用的原料可分为真丝乔其纱、人造丝乔其纱、涤丝乔其纱和交织乔其纱等几种，若纬丝只采用一种捻向，织得乔其纱称为顺纤乔其纱，顺纤乔其纱呈现经向凹凸褶裥状不规则皱纹。乔其纱质地轻薄透明，手感柔爽富有弹性，外观清淡雅洁，具有良好的透气性和悬垂性，穿着飘逸、舒适。乔其纱的轻、重、厚、薄、透明度以及绸面绉缩效应等，主要取决于丝线的粗细、并合数、捻度以及经纬密度。乔其纱适于制作妇女连衣裙、高级晚礼服、头巾、宫灯工艺品等。

雪纺纱：该面料经纬丝采用涤纶FDY100D加捻，然后再经蒸烘退捻的特殊整浆工艺。织物结构采用平纹 变化， 产品除了具有柔软、滑爽、透气、易洗的优点外，舒适性更强,悬垂性更好。面料既可染色、印花, 又可绣花、烫金、褶皱等。上市面料以多种浅彩色调和浅素色泽为主导产品，兼具淡汝素雅之美感。 面料门幅150cm，每米克重约在130克左右，是制作春夏时尚女性理想的时装面料之一。

产品特性


雪纺连衣裙

乔其绉是以强捻绉经、绉纬制织的一种丝织物。经丝与纬丝采用S捻和Z捻两种不同捻向的强抢纱，按ZS、2Z相间排列。

由于面料经纬疏朗，特别易于透气，再加染色中的减量处理充足而面料手感尤为柔软，是时髦女性所追求的时尚面料，成装上身, 既飘逸迷人又庄重典雅。另外""弹力雪纺"" 经丝采用涤纶FDY100D丝，纬丝采用涤纶DTY100D/48F+40D氨纶丝为原料，产品既显示一种亚麻风格，又具备伸缩自如的特性。成装上身，不仅穿着倍感轻松，而且能平添洒脱的娇艳之美。雪纺裙飘逸凉爽，极具女人味，为女士衣着锦上添花。

很轻薄的一种面料,是一种化纤面料,适合女式做夏装用,摸起来有点小小的毛燥感,但这就是它的特点,有的裤腰式裙子的腰带,都是用它做的,还有可以直接做整件的衣服和裙子,但是它比较薄,都要有衬里才行。

雪纺特征

质地轻薄透明，手感柔爽富有弹性。
外观清淡雅洁，具有良好的透气性和悬垂性。
穿着飘逸、舒适，成装上身，既飘逸迷人又庄重典雅。
耐磨性好、不易起球，尺寸稳定、不易褶皱 。
采用环保染色、防静电加工。
飘逸凉爽，极具女人味，为女士衣着锦上添花。

好处

由于面料经纬疏朗，特别易于透气，再加染色中的减量处理充足而面料手感尤为柔软，是时髦女性所追求的时尚面料。雪纺面料质地柔软、轻薄透明，手感滑爽富有弹性，外观清淡爽洁，具有良好的透气性和悬垂性，穿在身上舒适感很强，非常的飘逸；由于飘逸滑爽通透的特性，雪纺制作女性的连衣裙能带来无与伦比的美妙效果，充满浪漫的味道。成装上身，不仅甄逸迷人又庄重典雅，穿着倍感轻松，而且能平添洒脱的娇艳之美。无论是露出大片肌肤的性感剪裁还是知性简约的清凉款式，不必费心搭配，雪纺连衣裙总能让女人平添千般百媚与万种风情。
分类

雪纺分类有真丝雪纺和仿真丝雪纺。一、仿真丝雪纺 一般成分为100%涤纶（化纤类的）

质感特点：轻薄，柔软，自然垂感好，亲肤感觉好（当然这些只是外观特点，再怎么模仿，也还是比不上真正的真丝雪纺那么好），但仿真丝雪纺由于是纯化纤，它洗多也不易脱色，不怕暴晒，打理起来很方便（可机洗），牢固性也好些。
二、真丝雪纺 成分是100%的桑蚕丝（天然纤维类的），外观上具有以上的那些特点，另外而且长期穿着对人的皮肤很好，凉爽透气，吸湿强，这些是仿真丝雪纺所达不到的。但真丝雪纺也有一些方面是赶不上仿真丝雪纺的，比如：洗多后容易变灰变浅，不可以暴晒（会发黄），打理起来很麻烦（需要手洗），牢固性不好（易绷纱，缝合处易扯破）。

随着时代进步，慢慢的真丝雪纺和真丝乔其成为了两个品种，很多真丝服装和真丝丝巾也用了不同的标注。现在是真丝纱成了两种:
光滑不起皱的真丝纱叫：真丝雪纺（下水后缩率在10%左右）
粗糙起皱的真丝纱叫：真丝乔其（下水后缩率在15%左右）

保养

·不要将钉珠礼服长时间挂在衣橱里，否则柔软松弛的雪纺会下垂变形。
·.小心勿沾水。如果局部沾水，干脆浸泡洗涤，最后拉伸熨烫避免缩水。·.洗涤后自然滴干不要用力拧干。
·.厚重装饰的雪纺最好是平放在衣橱里，这样不容易变形。
·.穿过一次的雪纺礼服不可放在塑料衣袋中，最好是放在布料的衣袋里，透气也不会沾染灰尘。
·.有袖子的雪纺衣服用衣架挂起来，最好是选用布料做的衣架，或者把衣架的两头用小毛巾包起来，袖子就不会变形了。·.喷洒香水要注意远距离。以免留下黄斑。
·.如果在宴会上沾上了红酒或是油脂，有两个窍门。
方法一：先用纸巾吸一下，再找到豆粉或面粉，吸干表面的水分，然后轻轻吹散粉末，污渍自然就被吸走了。方法二：用苏打水擦去污渍比较有效。

辨别

秘诀是剪一小块面料用打火机烧一烧。真：冒出白烟，散发烧毛发的臭味，干后的灰烬是碎开飘散的。

假：如果全部是芳香味（有点甜甜的味道，因为他是涤纶的。）又没碎开，一摸就知道成分了。

雪纺在设计中的应用

1.雪纺以其优越的悬垂感和舒适的肌体触感 在夏季，是设计师的常用设计主料。
2.在夏季雪纺裙设计中，常用的设计手段是做皱，利用其良好的自然悬垂感和自然褶效果。
3.雪纺一般使用的是立体裁剪拓出的一次版的板型！相对于未经过立体裁剪，进行板型校验的工业版或者未经过工业成衣验码的设计，一般容易出现疵点！
4。雪纺衫一般搭配纱或者较容易与雪纺车缝在一起的锦缎，作为设计的配料！
5.一般的雪纺面料的连衣裙面料成本基本上是在50左右，稍微好一点的价格在80元左右，加上人工，运费，包装，做工的精细程度。一件真正的雪纺连衣裙的价格是在80~150之间。

著名品牌


1 、ΦParadise 2、GUCCI 3、 D&G 4、ZARA 5、H&M 6、VERSACE 7、DIOR 8、MISS SIXTY 9、ANNA SUI 10、ONLY 11、MANGO 12、PRADA

搭配

在世纪交替的变动中，时尚界掀起了一阵「新浪漫主义」风潮，设计师们不约而同地把各种「浪漫」的元素融进春夏服饰之中，既非青涩无邪，亦无矫揉造作，而是自然而然地流露出反思之后的女性特质，浪漫中自有理性与感性兼具的成熟风韵。

为了让色彩和光影完美诠释千禧春夏无可救药的浪漫，「雪纺纱」（chiffon）挟着「万千宠爱在一身」的超人气魅力，来势汹汹地横扫时尚舞台。由于设计师们对春夏服饰所呈现的「光影层次感」多所着墨，雪纺纱便以其「极佳的垂缀性、轻薄飘逸的触感及具有穿透性」的特性脱颖而出，成为服装设计上最受青睐的材质。

刚柔并济的组合式搭配

雪纺纱带有浓厚的浪漫意象，十分适合生性浪漫的粉领族。对于平常就不苟言笑的粉领族来说，雪纺纱则可以给你更多柔性的能量。不过，在平常上班的正式场合，或者是参加半正式的餐宴、以及休闲时，最好能够采取刚柔并济的「组合式」搭配技巧，以其它材质的单品来缓和雪纺纱的浪漫气质，例如：

‧雪纺纱衬衫+棉、麻或薄毛料的长裤或窄裙（上班时可穿）
‧雪纺纱衬衫+棉、麻或薄毛料的套装（上班时可穿）
‧雪纺纱上衣+牛仔裤或牛仔裙（休闲时可穿）
‧棉、麻或针织上衣+雪纺纱短裙、及膝裙或长裙（上班、休闲皆可穿）
‧雪纺纱无袖或细肩带连身洋装+棉、麻或针织小外套（上班时可穿）
‧雪纺纱无袖或短袖连身洋装+棉、麻或薄毛料的西装外套（上班时可穿）

给你的美丽小叮咛

为了让整体造型更加完美，穿著雪纺纱这种半透明质感的服装时，需要稍微用心打理，例如：
一、必须将内衣裤视为整体造型的一部份，穿著可以和雪纺纱搭配的内衣，保持端庄才是上上之策。
二、尽量保持整体线条的干净清爽。如：拿掉破坏整体线条干净清爽的垫肩；或者在雪纺纱里加一件丝质衬衣、衬裙，便能美化整体线条。
三、剪掉背领的商标和洗标，别让它们透出来破坏背影的美丽。"

布料种类,港型针织呢绒,"港型针织呢绒


港型针织呢绒：有羊绒织物的滑糯、柔软、膨松的手感，又有丝织物的光泽柔和、悬垂性好、不缩水、透气性旨的特点。
港型针织呢绒：它既有羊绒织物的滑糯、柔软、膨松的手感，又有丝织物的光泽柔和、悬垂性好、不缩水、透气性旨的特点。主要用作春、秋、冬的时装面料。"

布料种类,丝绸,"丝绸织品技术曾被中国垄断数百年，由于其编制技术在当时是一种复杂的工艺，又因其特有的手感和光泽备受人们的关注。因而丝织品成为工业革命以前世界主要的国际贸易物资。最早丝绸织品只有帝王才能使用，但丝绸业的快速发展令丝绸文化不断的从地理上、社会上渗透进入中华文化。并成为中国商人对外贸易中一项必不可少的高级物品。
随着战国、秦、汉时代经济大发展，丝绸生产达到了一个高峰。几乎所有的地方都能生产丝绸，丝绸的花色品种也丰富起来，主要分为绢、绮、锦三大类。锦的出现是中国丝绸史上的一个重要的里程碑，它把蚕丝优秀性能和美术结合起来，丝绸不仅是高贵的衣料，而且是艺术品，大大提高了丝绸产品的文化内涵和历史价值，影响是很深远的。到了秦汉时期，丝织业不但得到了大发展，而且随着汉代中国对外的大规模扩展影响，丝绸的贸易和输出达到空前繁荣的地步。贸易的推动使得中原和边疆、中国和东西邻邦的经济、文化交流进一步发展，从而形成了著名的""丝绸之路""。这条路从古长安出发，经甘肃、新疆一直西去，经过中亚、西亚，最终抵达欧洲。公元前126年，在汉武帝的西进政策下，大量中国丝绸通过""丝绸之路""向西运输。经过魏晋北朝发展到唐代，中国丝绸发生了很大变化，它一方面条贯、折衷传统遗产，另一方面又兼容了外来技术、纹样的优点。三国、两晋、南北朝的长期战乱，造成对黄河流域经济的严重破坏，到了隋代，中国蚕桑丝绸业的重心已经转移到了长江流域。
将生丝作为经丝、纬丝，交织制成丝织品的过程，就是丝织工艺。各类丝织品的生产过程不尽相同，大体可分为生织和熟织两类。生织就是经纬丝不经炼染先制成织物，称之为即坯绸，然后再将坯绸炼染成成品。这种生产方式成本低、过程短，是目前丝织生产中运用的主要方式。熟织，就是指经纬丝在织造前先染色，织成后的坯绸不需再经炼染即成成品。这种方式多用于高级丝织物的生产，如织锦缎、塔夫绸等。
提花织物
""标准的""专用帝王服饰出现于周代。当时的统治者对于各类人等所着服饰已有严格的规定，且被纳入""礼仪""的范畴。等级尊卑十分明显，不允许肆意僭越。当时发达的纺织、印染生产技术为周朝建立完善的服饰制度提供了坚实的物质基础。辅佐成王的周公姬旦，为巩固西周政权，制定了一套较为完整的阶梯式宗法等级制度，以明示官职上朝、公卿外出、后嫔燕居等的上衣下裳各有差等，并对衣冕的形式、质地、色彩、纹样、佩饰等作了详细的明文规定，成为周代礼治的重要内容。
官员的补服
在明清两代，受过诰封的命妇（一般为官吏的母亲及妻子）也备有补服，通常穿着于庆典朝会上。她们所用的补子纹样以其丈夫或儿子的官品为准。女补的尺寸比男补要小。凡武职官员的妻、母，则不用兽纹补，也和文官家属一样，用禽纹补，意思是女子以闲雅为美，不必尚武。
“巴蜀人文胜地，秦汉丝锦名邦”。南充丝绸具有3000多年悠久历史。
南充是西部地区唯一被中国丝绸协会授予“中国绸都”称号的城市，该市位于四川东北部，是川东北经济、商贸、金融、科教、文化、信息中心，是全国四大蚕茧丝绸生产基地之一，南充目前的绸缎生产销售量、丝绸制成品销售量、丝绸出口创汇为西部地区第一名。全市已具有桑、蚕、种、茧、丝、绸、绢和印染、针织、服装、丝毯、丝绸床上用品、蜀绘丝绸工艺品、丝织机械、丝绸科研、教学以及内外销售等门类齐全的生产体系，是西南地区最具规模、最配套的茧丝绸产区。
2009年12月18日上午，我国首个由政府倾力打造的丝绸馆——四川南充丝绸馆，花落深圳市龙岗区南湾街道南岭村-----中国丝绸文化产业创意园（“中丝园”），并正式对外营业。
在南充，不光有许多丝绸企业，还是西部能源化工基地：
1.这里有中国最大天然气田龙岗气田
2.2010年开建四川首座核电站---蓬安县三坝核电站
2.东风南充有限公司，该公司是西南最大整车制造、发动机研发生产基地，CNG发动机全国市场占有率50%。
3.南充炼油化工总厂，14号、20号合成航空润滑油、液氮车高压低温泵润滑油等16个品种、19个牌号的产品系国内独家生产。
主要旅游景点：
（国家级5A风景区）嘉陵江（贯穿南充全境）
（国家级4A风景区）南充阆中古城------中国四大古城之一（将创5A）
（国家级4A风景区）南充仪陇县朱德故居琳琅山景区
（国家级4A风景区）南充凌云山风景区-----国家森林公园
（国家级4A风景区）南充金城山风景区-----国家森林公园
（国家级4A风景区）南充西山风景区、
（国家级4A风景区）南充蓬安县嘉陵第一桑梓（司马相如故乡）
南充市南部县升钟湖升钟湖水库----西南第一大水库（中国。升钟湖钓鱼大赛）

浙江省湖州市
浙江省湖州市素以“丝绸之府”、“鱼米之乡”著称全国。湖州丝绸有着悠久的历史传统,自远古以来,
盛名不衰。湖州缓绢以其精美绝伦远销全国、世界,享有“衣被天下”之美誉,其间也经历了艰难的曲折。
以古鉴今,回顾湖州丝绸发展的历史之路,对于振兴我国的传统工业,弘扬祖国丝绸文化,具有重要意义。
元朝湖州籍著名书画家赵孟乡顾在《吴兴赋》中有“平陆则有桑麻如云,郁郁纷纷”句,明时,一位诗人.
在咏湖诗中万“桑柔四郊绿”句,两者形象、生动地概括了春天湖州眼野桑林遍地,绿叶叠翠的景观,
点染出湖州蚕桑种植园经济特色,和蚕乡的特异风光。
丝绸特性
第一，舒适感。真丝绸是由蛋白纤维组成的，与人体有极好的生物相容性，加之表面光滑，其对人体的摩擦刺激系数在各类纤维中是最低的，仅为7.4%。因此，当我们的娇嫩肌肤与滑爽细腻的丝绸邂逅时，它以其特有的柔顺质感，依着人体的曲线，体贴而又安全地呵护着我们的每一寸肌肤。
第二，吸、放湿性好。蚕丝蛋白纤维富集了许多胺基（-CHNH）、氨基（-NH2）等亲水性基团，又由于其多孔性，易于水分子扩散，所以它能在空气中吸收水分或散发水分，并保持一定的水分。在正常气温下，它可以帮助皮肤保有一定的水分，不使皮肤过于干燥；在夏季穿着，又可将人体排出的汗水及热量迅速散发，使人感到凉爽无比。正是由于这种性能，使真丝织品更适合于与人体皮肤直接接触，因此，人们都把丝绸服装作为必备的夏装之一
丝绸不仅具有较好的散热性能，还有很好的保暖性。它的保温性得意于它的多孔隙纤维结构。在一根蚕丝纤维里有许多极细小的纤维，而这些细小的纤维又是由更为细小的纤维组成。因此，看似实心的蚕丝实际上有38%以上是空心的，在这些空隙中存在着大量的空气，这些空气阻止了热量的散发，使丝绸具有很好的保暖性。
第三，吸音、吸尘、耐热性。真丝织物有较高的空隙率，因而具有很好的吸音性与吸气性，所以除制作服装外，还可用于室内装饰，如真丝地毯、挂毯、窗帘、墙布等。用真丝装饰品布置房间，不仅可以使屋子纤尘不染，而且能保持室内安静。由于蚕丝具有吸湿、放湿性能以及保湿性、吸气性和多孔性，还可调节室内温湿度，并能将有害气体、灰尘、微生物吸掉。另外，真丝纤维的热变性小，比较耐热。它在加热到100℃时，只有5~8%左右脆化，而大多数合成纤维的热变度要比真丝大4~5倍。蚕丝的燃烧温度在300~400℃，属难燃纤维，而合成纤维的燃烧温度在200~2600C，即易燃、易熔。因此，采用蚕丝纤维作为室内装饰的原料，不但可以起到吸音、吸尘、保温作用，还有起到阻燃功能。
第四，抗紫外线。丝蛋白中的色氨酸、酪氨酸能吸收紫外线，因此丝绸具有较好的抗紫外线功能。而紫外线对人体皮肤是十分有害的。当然，丝绸在吸收紫外线后，自身会发生化学变化，从而使丝织品在日光的照射下，容易泛黄。
第五，和玻璃棒摩擦可以是玻璃棒带正电。
丝绸分类
丝绸的十五大类：
根据织物组织、经纬线组合、加工工艺和绸面表现形状的绸品种划分14大类。其中除纱、罗、绒不论花部、地部组织外，蓁大类均按地部组织为根据。每大类绸面都可具有素（练、漂、染）或花（织、印花）的表现。
（1）. 纺：应用平纹组织，采用生织或半色织工艺，经纬一般不加捻或弱捻，绸面较平挺，纺的牲是质地轻薄而又坚韬。
（2）. 绉：应用平纹或其他组织，经或纬加强捻，或经纬均加强捻，呈明显绉疚并富有弹性的织品。
（3）. 缎：应用缎纹组织，绸面平滑光亮的织品。
（4）. 绫：应用斜纹组织或变则斜纹组织，绸面呈明显斜向纹路的织品。
（5）. 纱：全部或部分应用纱组织的织品，由甲、乙经丝每隔一纬丝扭绞而成的。
（6）. 罗：全部或部分应用罗组织的织品，由甲、乙经丝每隔个一根或三根以上的奇数纬丝方扭绞成的，即谓罗。
（7）. 绒：全部应用绒组织，绸面呈绒毛或绒圈的织品。
（8）. 锦：应用缎纹、斜纹组织，花纹精致多彩绚丽的色织提花织品。
（9）. 绡：应用平纹或收纱组织的轻薄透孔织品。
（10）. 呢：应用各种组织和较粗的经纬丝线，质地丰厚，有毛型感织品。
（11）. 葛：应用平纹、斜纹及其变化组织，经屈纬疏，经细纬粗，质地厚实，绸面呈横向梭纹的织品。
（12）. 绨：应用平纹组织，长丝作经，棉或其他纱线为纬，质地较粗厚的织品。
（13）. 绢：应用于平纹组织，质地细腻、平整、挺括的织品。
（14）. 绸：应用平纹或变化组织，经纬交错紧密的织品。
(15) . 缂（刻）：通过通经断（回）纬的方式制造的平纹或其他组织的特种丝织品
丝绸的三十五小类：
主要是按绸面的表现划分
（1）. 双绉：就用平纹组织，经无捻，纬采用二左二右强捻丝，绸面呈均匀绉效应的织品。
（2）. 乔其：应用平纹组织，经纬采用二左二右强捻丝，质地衡疏轻薄，绸面有纱眼和绉效应的织品。
（3）. 碧绉，经无捻，纬采用碧绉线（20/22Dx3加S捻1600T/m，再并20/22D1根，加Ｚ捻1600T/m），是细密绉纹的织品。
（4）. 顺纡：经无捻，纬用单向强捻丝，绸面呈直向绉纹的织品。
（5）. 塔夫：应用平纹组织，经纬先练染，质地细密挺括的熟织品。
（6）. 电力纺：桑蚕丝（柞于蚕丝）生织平纹织品。
（7）. 薄纺：应用桑蚕丝生织，平方米绸重在6m/m及以下的平纹织品。
（8）. 绢纺：经纬均采用绢丝的平纹织品。
（9）. 绵绸：经纬均采用抽丝的平纹织品。
（10）. 双宫：全部或部分采用双宫丝的织品。
<span style=""color: rgb(51, 51, 51); font-family: Simsun; font-size: 14px; font-style: normal; font-variant-ligatures: normal; font-variant-caps: normal; font-weight: normal; letter-spacing: normal; orphans: 2; text-align: start; text-indent: 0px; text-transform: none; white-space: normal; widows: 2; word-spacing: 0px; -webkit-text-stroke-width: 0px; di"

面料鉴别方法,钻石绒面料的优缺点,"钻石绒是目前市场上最为流行的一种面料，于近几年才开始慢慢的流行起来，很受消费者的关注，钻石绒的色泽亮丽，触摸起来手感也非常好，整块面料集优雅、平整、迷人为一体，如果问大家钻石绒是什么面料，钻石绒面料好不好大家可能都还不是很了解，今天，小编就和大家一起说说钻石绒。






钻石绒是什么面料？钻石绒其实就是人们都很熟悉的涤纶和工业化纤，采用涤纶FDY80D/12F与涤纶DTY100D/36F丝为原料，面料集工艺精湛、风格优雅、绒面平整、外观迷人于一体。选用细平纹组织在针织大圆机上织造而成，别具一格，染整技术先进，织物不仅拥有伸展自如与穿着舒爽功能，还兼具色泽亮丽和手感柔糯的优点。

如果说是做被单最合适的还是全棉，因为全棉的舒适度非常好，如果采用钻石绒做被单，很容易藏皮肤屑、细菌、比较爱沾灰、沾头发什么的，不太好清理，有着一股刺鼻怪味，所以最好是不要选择这样的被单。

钻石绒面料的优点：

1、超保暖、不易磨损

2、弹性佳、极修身

3、活性印染，不易褪色

4、手感柔软，不易起球，透气性好；

5、棉吸湿透气性能好

钻石绒的布料不仅结实耐用还非常有弹性，大多数厂家在制作服装、鞋子、包包的时候也会将其运用其中，钻石绒质地柔软，有着很强的保暖性，在帽子、围巾的制作上也会用到它，钻石绒对人体无害，经常被用做毛巾等清洁用品的面料，可以说钻石绒在日常生活中已经被大众所广泛运用。

大多数东西都不是完美的，钻石绒也有着它的缺点，刚刚买回家的钻石绒有着一股怪味，但拿去太阳光下晒晒，这种异味就会逐渐消失，因此，大家在购买该产品的时候也还是要谨慎选择。

以上就是对钻石绒简单的介绍，相信大家有多了一点对钻石绒的了解以及它的优缺点，钻石绒既有优点也有缺点，大家在购买的同时还是要多对它进行了解一下，如果你不喜欢沾灰的面料，拿它就不太适合你，在购买的时候要注意，希望上面的介绍能给你带来帮助。"

面料鉴别方法,怎样用燃烧法鉴别合成纤维,"(1)涤纶：点燃时纤维先收缩、燃熔，然后再燃烧，火焰呈黄白色，很亮，无烟。着火困难，燃后有芳香味，灰烬呈黑色硬块，能用指压碎。
(2)腈纶：点燃后能延烧，但较慢，燃烧熔化，伴有辛酸味，燃后灰烬呈黑色小球，可压碎。
(3)维纶：燃烧时纤维先收缩，同时发生燃熔，但不延燃，冒黑烟，燃后剩黑色小块，可压碎。
(4)氯纶：燃烧时火焰亮，收缩并冒烟，有特殊气味，剩、褐色灰烬。
(5)丙纶：燃烧时缓慢收缩，无火焰，有蜡臭味，燃后呈，蜡状硬块；
(6)锦纶：燃烧时无火焰；有芹菜味，燃烧卷缩成白色胶状物，趁热可拉成丝，遇冷就成为坚韧的浅褐色硬球，不易压碎。"

面料鉴别方法,怎样识别绒线的标号,"绒线的标号大都由三位数组成。 第一位数表示使用的原料：
""1""表示国产羊毛；
""2""表示进口羊毛；
""3""表示进口羊毛和粘胶混纺；
""4""表示新产品；
""5""表示国产羊毛和粘胶混纺；
""6""表示进口羊毛和腈纶混纺；
""7""表示国产羊毛和腈纶混纺；
""8""表示纯腈纶。 第二、三位数，代表绒线单支纱数，数越大，纱越细。
如826针织绒线，是纯腈纶纺的26支纱的细绒线；790是毛腈混纺的9支纱的粗绒线；如在三位数前面再加一个""4""字，说明是新产品。"

面料鉴别方法,通过感观特点区别各种纤维,"棉 纤细柔软，弹性小，易起皱褶。
麻 手感较粗硬，常有疵点。
丝 有光泽，柔软轻薄，捏抓时有瑟瑟的声响，有凉感。
羊毛 富有弹性，光泽柔和，手感温暖，不易起皱。
涤纶 弹性好，光滑，强度大，硬挺，有凉感。
锦纶 不易拉断，有弹性，光滑，质地轻，不如丝柔软。
维纶 近似棉花，光泽发暗，不如棉柔软，回弹性不好，易皱。
腈纶 保暖性好，强度大，比棉轻，有柔软蓬松感。
粘胶纤维 比棉更柔软，表面光泽比棉强，但牢度欠佳。;
纯棉面料烧燃后不会起球,用手粘一下就变成粉状,
棉： 优点：吸汗透气、柔软、防敏感、容易清洗、不易起毛球。
缺点：易皱、缩水、易变形。 纯棉梭织物是以棉花为原料，通过织机，由经纬纱纵横沉浮相互交织而成的纺织品。"

面料鉴别方法,通过手感法鉴别真丝和人造丝,"●　真丝手感柔软、富有弹性，轻揉时有丝鸣声，有凉感；而人造丝的手感比较粗硬，并有湿冷感。)
●　真丝光泽较柔和，亮丽而不刺眼；人造丝的光泽类似金属。
● 抓紧织物再放开，真丝的褶皱较人造丝少。
● 把水滴在织物上，用手揉搓人造丝易破，真丝则较牢固"

面料鉴别方法,皮革的鉴定,"“真皮”在皮革制品市场上是常见的字样，是人们为区别合成革而对天然皮革的一种习惯叫法；在消费者的观念中，“真皮”也具有非假的含意。实际上，真皮就是皮革，它主要是由哺乳类动物皮加工而成。
真皮种类繁多，品种多样，结构不同，品质各异，价格相等悬殊。因此，真皮既是所有天然皮革的统称，也是商品市场上一个含糊的标识。
天然皮革按其种类来分主要有猪皮革、牛皮革、羊皮革、马皮革、驴皮革和袋鼠皮革等，另有少量的鱼皮革、爬行类动物皮革、两栖类动物皮革、鸵鸟皮革等。其中 牛皮革又分黄牛皮革、水牛皮革、牦牛皮革和犏牛皮革；羊皮革分为绵羊皮革和山羊皮革。按其层次分，有头层革和二层革，其中头层革有全粒面革和修面革；二层革又 有猪二层革和牛二层革等。在主要几类皮革中，黄牛皮革和绵羊皮革，其表面平细，毛眼小，内在结构细密紧实，革身具有较好的丰满和弹性感，物理性能好。因此，优等黄牛革和绵羊革一般用做高档制品的皮料，其价格是大宗的皮革中较高的一类。
在诸多的皮革品种中，全粒面革应居榜首，因为它是由伤残较少的上等原料皮加工而成，革面上保留完好的天然状态，涂层薄，能展现出动物皮自然的花纹美。它不仅耐磨，而且具有良好的透气性。
修面革，是利用磨革机将革表面轻磨后进行涂饰，再压上相应的花纹而制成的。实际上是对带有伤残或粗糙的天然革面进行了“整容”。此种革几乎失掉原有的表面 状态，涂饰层较厚，耐磨性和透气性比全粒面革较差。
二层革，是厚皮用片皮机剖层而得，头层用来做全粒面革或修面革，二层经过涂饰或贴膜等系列工序制成二层革，它的牢度、耐磨性较差，是同类皮革中最廉价的一 种。
下面我们再介绍几种常用的方法：
一、手感：即用手触摸皮革表面，如有滑爽，柔软，丰满，弹性的感觉是真皮；而一般人造合成革面发涩，死板，柔软性差。
二、眼看：观察真皮革面有较清晰的毛孔，花纹，黄牛皮有较匀称的细毛孔，牦牛皮有较粗而稀疏的毛孔，山羊皮有鱼鳞状的毛孔，猪皮有三角粗毛孔，而人造革，尽管也仿制了毛孔，但不清晰。下面给大家介绍猪革、马革、牛革、羊革的特点和鉴别方法：牛皮革面细，强度高，最适宜制作皮鞋；羊皮革轻，薄而软，是皮革服装的理想面料；猪皮革的透气透水汽性能好，较适于制做内衣和儿童用品；马皮革的纤维结构较为紧密、强度也比较高，用于制作皮裤和皮靴效果较好。一般来说，皮革表面毛孔的粗细、疏密和分布情况是区分牛革、猪革、马革和羊革的主要依据。
猪革：革表面的毛孔圆而粗大，较倾斜地伸入革内。毛孔的排列为三根一组，革面呈现许多小三角形的图案。
牛革：黄牛革和水牛革都称为牛革，但二者也有一定的差别。黄牛革表面的毛孔呈圆形，较直地伸入革内，毛孔紧密而均匀，排列不规则，好像满天星斗。水牛革表面的毛孔比黄牛革粗大，毛孔数较黄牛革稀少，革质较松弛，不如黄牛革细致丰满。马革：革表面的毛孔呈椭圆形，比黄牛革毛孔稍大，排列较有规律。
羊革：革粒面的毛孔扁圆，毛孔清楚，几根组成一组，排列呈鱼鳞状。
三、嗅味：凡是真皮革都有皮革的气味；而人造革都具人刺激性较强的塑料气味。
四、点燃：从真皮革和人造革背面撕下一点纤维，点燃后，凡发出刺鼻的气味，结成疙瘩的是人造革；凡是发出毛发气味，不结硬疙瘩的是真皮。


真皮标志
真皮标志是在国家工商行政管理局注册的证明商标，凡佩挂真皮标志的皮革产品都具有三种特性：1、该产品是用优质真皮制作的；2、该产品是做工精良的中高档产品；3、消费者购买佩挂真皮标志的皮革产品可以享受良好的售后服务。不是用真皮制作的产品就不能佩挂真皮标志，欲佩挂真皮标志，需经过中国皮革工业协会严格的审查，批准后，方可佩挂。中国皮革工业协会每年都要对其进行质量检测，以保证产品质量。
真皮标志的注册商标是由一只全羊、一对牛角、一张皮形组成的艺术变形图案。整体图案呈圆形鼓状，图案中央有GLP三个字母，是真皮产品的英文缩写，图案主体颜色为白底黑色，只有三个字母为红色。图案寓意：牛、羊、猪是皮革制品的三种主要天然皮革原料，图案呈圆形鼓状，一方面象征着制革工业的主要加工设备转鼓，另一方面象征着皮革工业滚滚向前发展。"

面料鉴别方法,识别羊绒、羊驼毛、马海毛,"一、羊绒
羊绒是来自山羊身上的底层细绒毛，山羊生长在高寒的草原上，例如中国的内蒙、新疆、青海、辽宁等地。中国是世界上的羊绒生产大国，羊绒产量占世界总产量的1/2以上，其中又以内蒙的羊绒为上品。羊绒纤维的特点是纤细、柔软。其面料手感柔软、滑糯，光泽柔和，较同样厚度的羊毛面料相比重量轻很多，且多为绒面风格。一般来说，浅色的羊绒大衣多源自白绒，品质较好；而深色的大都取自紫绒或青绒，质量稍逊。
二、羊驼毛
羊驼毛来自一种叫“羊驼”（亦称“阿尔巴卡”）的动物，这种动物主要生长于秘鲁的安第斯山脉。安第斯山脉海拔4500米，昼夜温差极大，夜间-20～-18℃，而白天15～18℃，阳光辐射强烈、大气稀薄、寒风凛冽。在这样恶劣的环境下生活的羊驼，其毛发当然能够抵御极端的温度变化。羊驼毛不仅能够保湿，还能有效地抵御日光辐射，羊驼毛纤维含有显微镜下可视的髓腔，因此它的保暖性能优于羊毛、羊绒和马海毛。
另外，羊驼毛纤维具有17余种天然色泽：从白到黑，及一系列不同深浅的棕色、灰色，是特种动物纤维中天然色彩最丰富的纤维。我们在市场上见到的“阿尔巴卡”即是指羊驼毛；而“苏力”则是羊驼毛中的一种且多指成年羊驼毛，纤维较长，色泽靓丽；常说的“贝贝”为羊驼幼仔毛，相对纤维较细、较软。羊驼毛面料手感滑，保暖性极佳。
三、马海毛
马海毛则是指安哥拉山羊毛，主要产于南非，其特点是纤维较粗，卷曲小，光泽好。马海毛面料手感滑挺，呢面光泽足。马海毛和羊驼毛面料一样多为短顺毛风格。"

面料鉴别方法,毛纺原料,"市场上的毛织物所采用的动物毛纤维，大致有绵羊毛、山羊毛、驼羊毛和兔毛几种。
一、绵羊毛
人们日常用量最大的毛衫、呢绒、毛毡等主要是绵羊身上密生着的绵羊毛。在编织工业中，由于绵羊毛用量最大，所以""羊毛""便成了绵羊毛的简称。
世界上绵羊毛产量较多的国家是澳大利亚、独联体、新西兰、阿根廷和中国。羊毛的支数和级数是评定羊毛等级和品质的依据，支数越高，品质越好，级数越高，品质越差。
二、山羊毛
山羊毛是指山羊毛身上剪取的粗毛和死毛。一般山羊毛身上的细毛很短，不能纺纱，粗毛也只能造毛笔，刷子之类，只有马海毛例外。马海毛即安哥拉山羊毛，产于土耳其的安哥拉省，北美和南亚等地，是一种优质毛纤维，表面光滑，极少卷曲，长而且粗，具有蚕丝般的柔和很强的光泽，优良的回弹性，耐磨性和高强度，是织制提花毛毯、长毛绒、顺毛大衣呢、人造毛皮等高级织物的理想原料。粗棒针手织的马海毛衫，披挂着柔软的如丝如雾般的纤维，构成高贵、活泼而又粗犷的服装风格，深受人们喜爱。中国西北的中卫山羊毛也属于马海毛类。但在市场上，有人把蓬松风格的腈纶膨体纱称为""马海毛""出售，造成误解，那样的腈纶膨体纱，充其量只能叫做""仿马海毛""。
三、羊驼毛
羊驼毛（ALPACA），又称“驼羊毛”，纤维长达20-40厘米，又白、褐、灰、黑等颜色，因90%产于秘鲁，又称为“秘鲁羊毛”。它的两个品种，一种是纤维卷曲，具有银色光泽，另一种是纤维平直，卷曲少，具有近似马海毛的光泽，常与其它纤维混纺，作为制作高档服装的优质材料。市场上的驼羊毛，大多是东欧的产品。
四、兔毛
兔毛以轻、细、软、保暖性强、价格便宜的特点而受人们喜爱。它是由细软的绒毛和粗毛组成的，主要有普通家兔和安哥拉兔毛，且以后者质量为优。兔毛与羊毛区别在于纤维细长，表面特别光滑，容易辨认。由于兔毛强度低，不易单独纺纱，因此多与羊毛或其它纤维混纺，制造成针织品和女士呢、大衣呢等服装面料。
纯毛的概念和标识
在市场上，人们常可看到羊毛产品有“纯羊毛”或“100%”羊毛两种标志，有人以为“纯毛”就等于“100%羊毛”，其实不然。从字面上说“纯毛”应当是100%羊毛。但实际上，在生产过程中，为了改善纤维的纺织性能，使织物更加耐用，有的产品常常要加入一些涤纶或锦纶的非毛纤维。对于加入量的多少，国家标准中有明确规定。这样，我们就明白了。纯毛产品并非是100%羊毛，标明纯毛产品的，则是已按规定范围加入非毛纤维，因而应比100%羊毛产品价格低。
总之，要在日益繁荣的市场上买到称心如意的毛纺织品，我们除了运用看、摸、问、比较等办法努力识别外，可以从价位上进行分析。当然，最安全的还是要不断增加对产品知识的了解。"

面料鉴别方法,纯毛面料,"纯毛面料色泽自然柔和、保暖效果好、是制作高档西服和大衣的首选面料。仿毛织品越来越多，随着纺织工艺的提高，已达到了大多数顾客难以鉴别的水平，但色泽、保暖性、手感等还远远不及纯毛面料。下面介绍几种鉴别纯毛面料的方法，供您在挑选服装和面料时参考。
一、手摸感。纯毛面料通常手感柔滑，长毛的面料顺毛摸手感柔滑，逆毛有刺痛感。而混纺或纯化纤品，有的欠柔软，有的过于柔软松散，并有发粘感。
二、看色泽。纯毛面料的色泽自然柔和，鲜艳而无陈旧感。相比之下，混纺或纯化纤面料，或光泽较暗，或有闪色感。
三、看弹性。用手将物捍紧，然后马上放开，看织物弹性。纯毛面料回弹率高，能迅速恢复原状，而混纺或化纤产品，则抗皱性较差，大多留有较明显的褶皱痕迹，或是复原缓慢。
四、燃烧法鉴别。取一束纱线，用火烧，纯毛纤维气味象烧头发，化纤面料的气味象烧塑料。燃烧后的颗粒越硬说明化纤成分越多。
五、单根鉴别。所有动物的毛在显微镜下看是有鳞片的，如果是长毛面料的话只要取一根毛象上图一样搓几下就会向上或向下移动（为了掌握这一技巧可先拿一根头发做试验），如果是普通织物，抽取一根纱线，剪2厘米的两段拆成一根一根的纤维放在手心里搓四五下，看它们会不会移动。"

面料鉴别方法,面料成分的鉴别,"鉴别服装面料成分的简易方法是燃烧法。做法是在服装的缝边处抽下一缕包含经纱和纬纱的布纱，用火将其点燃，观察燃烧火焰的状态，闻布纱燃烧后发出的气味，看燃烧后的剩余物，从而判断与服装耐久性标签上标注的面料成分是否相符，以辨别面料成分的真伪。
一、棉纤维与麻纤维
棉纤维与麻纤维都是刚近火焰即燃，燃烧迅速，火焰呈黄色，冒蓝烟。二者在燃烧散发的气味及烧后灰烬的区别是，棉燃烧发出纸气味，麻燃烧发出草木灰气味；燃烧后，棉有极少粉末灰烬，呈黑或灰色，麻则产生少量灰白色粉末灰烬。
二、毛纤维与真丝
毛遇火冒烟，燃烧时起泡，燃烧速度较慢，散发出烧头发的焦臭味，烧后灰烬多为有光泽的黑色球状颗粒，手指一压即碎。真丝遇火缩成团状，燃烧速度较慢，伴有咝咝声，散发出毛发烧焦味，烧后结成黑褐色小球状灰烬，手捻即碎。
三、锦纶与涤纶
锦纶学名聚酰胺纤维，近火焰即迅速卷缩熔成白色胶状，在火焰中熔燃滴落并起泡，燃烧时没有火焰，离开火焰难继续燃烧，散发出芹菜味，冷却后浅褐色熔融物不易研碎。涤纶学名聚酯纤维，易点燃，近火焰即熔缩，燃烧时边熔化边冒黑烟，呈黄色火焰，散发芳香气味，烧后灰烬为黑褐色硬块，用手指可捻碎。
四、腈纶与丙纶
腈纶学名聚丙烯腈纤维，近火软化熔缩，着火后冒黑烟，火焰呈白色，离火焰后迅速燃烧，散发出火烧肉的辛酸气味，烧后灰烬为不规则黑色硬块，手捻易碎。丙纶学名聚丙烯纤维，近火焰即熔缩，易燃，离火燃烧缓慢并冒黑烟，火焰上端黄色，下端蓝色，散发出石油味，烧后灰烬为硬圆浅黄褐色颗粒，手捻易碎。
五、维纶与氯纶
维纶学名聚乙烯醇缩甲醛纤维，不易点燃，近焰熔融收缩，燃烧时顶端有一点火焰，待纤维都融成胶状火焰变大，有浓黑烟，散发苦香气味，燃烧后剩下黑色小珠状颗粒，可用手指压碎。氯纶学名聚氯乙烯纤维，难燃烧，离火即熄，火焰呈黄色，下端绿色白烟，散发刺激性刺鼻辛辣酸味，燃烧后灰烬为黑褐色不规则硬块，手指不易捻碎。
六、氨纶与氟纶
氨纶学名聚氨基甲酸酯纤维，近火边熔边燃，燃烧时火焰呈蓝色，离开火继续熔燃，散发出特殊刺激性臭味，燃烧后灰烬为软蓬松黑灰。氟纶学名聚四氟乙烯纤维，ISO组织称其为萤石纤维，近火焰只熔化，难引燃，不燃烧，边缘火焰呈蓝绿碳化，熔而分解，气体有毒，熔化物为硬圆黑珠。氟纶纤维在纺织行业常用于制造高性能缝纫线。
七、粘胶纤维与铜铵纤维
粘胶纤维易燃，燃烧速度很快，火焰呈黄色，散发烧纸气味，烧后灰烬少，呈光滑扭曲带状浅灰或灰白色细粉末。铜铵纤维俗名虎木棉，近火焰即燃烧，燃烧速度快，火焰呈黄色，散发酯酸味，烧后灰烬极少，仅有少量灰黑色灰。"

面料专业名词,广交会使用频率最高的英语例句,"广交会使用频率最高的英语例句
What about the price? 对价格有何看法？
What do you think of the payment terms? 对支付条件有何看法？
How do you feel like the quality of our products? 你觉得我们产品的质量怎么样？
What about having a look at sample first? 先看一看产品吧？
What about placing a trial order? 何不先试订货？
The quality of ours is as good as that of many other suppliers, while our prices are not high as theirs. By the way, which items are you interested in?我们的产品质量与其他生产商一样的好，而我们的价格却不象他们的那样高。哎，你对哪个产品感兴趣？
You can rest assured. 你可以放心。
We are always improving our design and patterns to confirm to the world market.我们一直在提高我们产品的设计水平，以满足世界市场的要求。
This new product is to the taste of European market. 这种新产品欧洲很受欢迎。
I think it will also find a good market in your market.我认为它会在你国市场上畅销。
Fine quality as well as low price will help push the sales of your products.优良的质量和较低的价格有助于推产品。
While we appreciate your cooperation, we regret to say that we can’t reduce our price any further.虽然我们感谢贵方的合作，但是很抱慊，我们不能再减价了。
Reliability is our strong point. 可靠性正是我们产品的优点。
We are satisfied with the quality of your samples, so the business depends entirely on your price. 我们对样品的质量很满意，因此交易的成败就取决于你们的价格了。
To a certain extent，our price depends on how large your order is.在某种程度上，我们的价格就得看你们的 定单 有多大。
This product is now in great demand and we have on hand many enquiries from other countries.这种产品现在需求量很大，我们手头上来自其他国家的很多 询盘 。
Thank you for your inquiry. Would you tell us what quantity you require so that we can work out the offer? 谢谢你询价。为了便于我方提出报价，能否请你谈谈你方需求数量？
Here are our FOB price. All the prices in the lists are subject to our final confirmation.这是我们的 FOB 价格单。单上所有价格以我方最后确认为准。
In general, our prices are given on a FOB basis. 通常我们的报价都是FOB价。"

面料专业名词,起绒,"起绒针织物（英文： interlock fabric ）表面起绒，具有绒层或毛茸外观的针织物。亦称作剪绒，有经起绒和纬起绒两种，经起绒由绒经织成毛圈经割断后形成耸立在织物表面的绒毛；纬起绒是将部分绒纬的浮长割断后形成绒毛（见起绒组织）。
中文名
起绒针织物
外文名
interlock fabric
外    观
绒层或毛茸
又    称
剪绒






起绒的简介
中国生产起绒织物已有2000多年的历史。马王堆汉墓出土纺织品中的绒圈锦，就是经起绒织物。这类织物是用双织轴粗纬起绒法织制的，以后出现了起绒杆代替起绒粗纬，这就是最早的杆织法经起绒织机。起绒杆多使用竹、木或钢丝。织造时在起绒的相应梭口中投入起绒杆，使经纱包围在起绒杆上形成绒圈，然后用割绒刀割开形成绒毛。这种方法至今仍用于中国漳绒和雕花天鹅绒的生产。1857年西班牙发明了不用起绒杆织制两层起绒织物的割绒织机，以后又出现了双梭口起绒织机，20世纪70年代又采用了双剑杆引纬，适宜织制各种起绒织物。经起绒织机织造时，地经和绒经分别卷绕在两个织轴上，其中地经又分为上下两组，各自与纬纱交织成上下两层地布，绒经则与两层地布的纬纱交织。当织物形成后，割绒机构把两层地布中间的绒经割断，便成为两幅独立的经起绒织物。按开口和引纬的不同，经起绒织机有单梭口和双梭口之分，单梭口是织机主轴每一回转形成一个梭口，用一只梭子引纬；双梭口是织机主轴一回转形成两个梭口，用两只梭子引入两根纬纱。纬起绒织机一般是用普通织机配以根据起绒组织设计的踏盘或共轭凸轮开口机构而成的。多用于织制灯芯绒、纬平绒等织物。
中国制织这类织物的历史十分悠久，制织出的此类织品也极其细致精美。但由于纺织品在地下长时间埋藏很难保存，这类织物发现的比较少，兼之文献记载不多，而且往往比较隐晦，需另加诠释，故我们对历代在这方面取得的成就不是很清楚，仍有很多问题没有解决，明代的起绒织物的生产及外传日本的情况即是其中之一。
明代起绒织物的生产及外传日本的情况
明代起绒织物的生产和利用
关于明代起绒织物的生产情况，虽然与前代一样文献记载比较零散，但若稍微汇集一下，仍能看出其大致，即整个明代自始至终都在织作起绒织物。
明代有好几个地方都生产这类产品。除《天工开物》[1]和《福建通志》[2]提到漳、泉二州大量织制外，现知的还有甘肃、陕西和广东。文震亨的《长物志》是讲文玩和珍贵用物的著作，其书卷八有这样的记载： “绒单出陕西、甘肃。”明初曹昭的《格古要论》卷八也有： “绒单又名剪绒单”的记载。按：谓之单，大概系其门幅较宽。文是明晚期的人，曹是明初期的人，都谈到陕甘的绒单，即明谓陕、甘在整个明代都生产这类产品。
明代起绒织物的利用也是相当普遍的，不仅比较富裕的人喜爱服用，甚至一般百姓也有服用的，这在当时的书籍中多有反映。下列举几例：
其一，《水浒传》是明代完成最早的一部章回小说，相传出自明初的施耐庵和罗贯中，其书第76回即有以剪绒裁制战袄之说，所言为：“剪绒战袄蔡舞。”《水浒》虽属小说，所叙故事未必尽属真实，但写入其中的日用品大多为著者当时习见之物，很少捏造。
其二， 《天水冰山录》是明人过录藉没权相严嵩（嘉靖二一年入阁至四一年造黜放，公元1542－1562年）财务的清单，其内起绒织物（不包括未明书的起绒）有： “大红、青绿、沉香各色剪绒段二八正，青素剪绒十六正、天鹅绒头围一个、红剪绒獬豸女披风一件。”
其三，在《野获编》卷十二中有段讲张居正的事，其文句中有这样的话：“江陵时岭南仕宦有媚事之者，制寿幛贺轴俱织成……以天鹅绒为之，当时以为怪，今则寻常甚矣。”
张居正在明代以长于吏治见称，于隆庆元年入相，至万历十年卒于位（公元1567－1582年）。所谓“制寿幛贺轴俱织成……以天鹅绒为之”，即谓广东以起绒之法织制这些物品。
其四，明代利用起绒织物的情况既见于中国史书，也见于外国人著作。17世纪初沙皇俄国的势力不断东侵，公元1618年，俄国为了窥测中国和俄比大河流域的情况，曾派宜万裴德林使明，此人在其出使中国的记录中，曾谈及他路过中国长城附近看到的情况：“过长城至施罗喀尔喀所有店铺……各种货物皆有，鹅绒花纹缎、绢布绣金缎皆甚多。”[3]文中叙述的鹅绒花纹缎便是起绒织物。
这些关于明代生产和利用起绒织物的材料，都相当具体，说明明代起绒织物的生产和利用是相当普遍的。
明代的起绒方法
明代一直不断的生产起绒织物，起绒技术的应用趋于成熟，相应的创造出来的新品种也很多。某些品种还相当精美，尤如《福建通志》所形容：明代天鹅绒“机制云蒸，殆夺天工”。其技术上的成就，具体显现在花色品种上，这可从现知的6种明代起绒织物窥其一斑。
2.1．素剪绒
即没有花纹的单色绒织物。
2.2．倭缎
即在缎纹地上起绒或在绒上起经纹花的织物。它与后来所说的漳缎是有差异的。道光十二年《厦门志》卷七，清厦门关税科则中缎织物税则，其内同时收录漳缎和倭缎两项，即是表示两者有所不同，不过究竟有何差异现在还不大清楚。
2.3．天鹅绒
即绒毛比较长且密的绒织物，后来漳州生产的漳绒即属此类。《福建通志》说：漳州有天鹅绒，即谓漳绒为天鹅绒之一种。陈作霖《金陵物产》卷十五风土志曾描述清代南京织造的这类绒织物特点：“其绒纹深理者曰天鹅绒”。“绒纹深理”就是说其绒毛长。在道光《厦门志》关税科则中绒类税，同时收有平绒（天鹅绒）和漳绒两项。两者分列，大概就是根据其上绒毛长短而定。
2.4．雕花绒
即先织成坯布，在坯布上画花，再用刃具根据花纹要求开绒的绒织物。
2.5．金彩绒
即在加织金银线的地上起绒花的绒织物，也是《元史·舆服志》所说：天子质孙冬服怯绵里之类的绒[1]。过去有些学者认为金彩绒是明末或清代兴起的，其实不然，金彩绒至迟在元代即已出现，但至明代又有较大的发展。
2.6．交织绒
即丝棉交织的绒织物。《天工开物》中所说“但其帛最易朽污，冠弁之上顷刻集尘衣领之间，移日损坏”的就是这种绒（《天工开物》认为这种绒即倭缎，甚误，倭缎是高级丝织物，据其在厦门税则中被视为与漳缎同样贵重，可以推定。因为经纬均为纯丝，不会集存灰尘，如有灰尘弹之即去，只有交织绒才有这种现象）。
中国古代织制的起绒织物都是经起绒织物，起绒的方法和工艺均以使用起绒杆为主，这是自汉代即已确定的。《天工开物》所说的倭缎织法：“斫铁线[2]夹藏经面，织过数寸即刮成黑光。”究其实质，也就是这种织法，没有什么新的内容。这种起绒方法的操作过程基本上分为两步：
一是织绒坯，将经线分为地经和绒经两种，分张于织机之上，地经织地，绒经专门起绒，先织数梭地经，然后起动绒经，于其下插入起绒杆，再拉筘打紧，即可构成特定的绒圈，依是反复，便可织出满布绒圈的坯布。《天工开物》所说的“斫线夹藏经面”，指的就是这一步骤。
二是开绒，在织成十几厘米的坯布之后，用割绒手刀在织机上把蒙于起绒杆上的绒圈割断（雕花绒除外，须下机开割），使绒毛挺立。《天工开物》所说“织过数尺，即刮成黑光”，指的就是这一步骤。
这一起绒方法的特点是：可以根据不同需要随时改变绒毛高度，便于与提花技术结合织制绒花织地或绒地织花的品种。
大家较熟悉的、存世的明代起绒织物有：
1．苏州王锡爵墓出土的忠静冠之冠面，现存苏州博物馆。
2．明末织制的金彩花绒炕圈，现存北京故宫博物院。
3．万历时织制的佛经经面，现存福州鼓山佛寺。
4 ．明神宗殉葬品绢里绒袍，现存定陵博物馆。
这四件织品的织作技术都非常精湛，反映了当时织作起绒织物的水平。
苏州的绒冠面是黑素剪绒。王锡爵即万历朝首辅之一，卒于万历三八年（公元1610年），其绒的织地为平纹组织，绒经和地经按1：1排列，绒根为三纬固结，绒毛高约1.5毫米，挺拔整齐，疏密有致，结构也比较坚实。
鼓山佛经经面是绛色暗花的雕花绒，花型丰满，色调韵律。
故宫炕围的织地是加织金线变化组织的金彩绒，图案为朱红的缠枝莲花牡丹，以割绒为纹样衬托。花纹简练豪放，色彩尤其浓郁富丽。金彩绒是元以来最名贵的绒织物，这件绒很可能是明代这类织物的代表作。
定陵绒袍与一般的绒织物不同，它正反面均有高约6.5－7.0mm的绒毛，大概是当时生产的天鹅绒的一种（它是在万历四八年，即公元1620年入葬的）。其织地为平纹组织，经密为每厘米68根，纬密为每厘米27根，经线较细，纬线较粗。绒经与地经按2：2排列，纬根为三纬固结。织作时其正反两种绒经和地经可能分于三根经轴，地经张力较大，正面绒经次之，反面绒经又次之，全部使用起绒杆起绒（大概是用较粗的金属杆）。正反两面的插法和起绒方法稍有不同，正面的须起动正面绒经插于其下，形成绒坯，背面的须同时起动地经和正面绒经，插于其下，借助地经的努力和金属杆自重，迫使背面绒经下沉，形成背面绒坯。割绒时，正面的可能在机上割，背面的则须下机后进行。
在上述几件绒织物中，最为精致的当系定陵绒袍。这件绒袍的设计思想是相当周密的，由于两面均有长绒，而背面又有绢衬，不仅具有绒毛丛立的外观，厚度较大和手感柔软的效果，而且具有与绵衣（絮绵）相似的良好保暖特性，非常精巧，也非常实用，在现知古代各国的同类织品中似乎还没有发现过，即使将其置于现代绒类织物同列中，也略无逊色，实为难得的产品，无愧于“机制云蒸，殆夺天工”之美誉。
明代起绒织物对日本的输出
中国古代生产的起绒织物属于贵重织品，其贵重程度仅次于锦和缎，是历代对外输出丝织品中的重要部分。
明代是对外输出这类产品比较多的时期。明代的外贸对象，最重要的是南洋地区及其以西的一些国家和岛屿，其次便是日本。明代虽然一直采取对日禁运的政策，但是并不能阻止商人私自往来贩运两国的货物。中外文献对这一史实亦多有反映。
日本的萨摩是当时中日两国海上交通的要津，据日本《异国日记》载，庆长14年（万历37年，公元1609年）七月有中国商船十艘抵达其地与萨摩的岛津氏联系交易，其中三艘的船主名叫陈振宇和陈德，所载之货内有：“缎、绫、紬、素、帽科六零三匹及天鹅绒若干。”另外这些船所载之货还有“土人仔”一项。按“土人仔”即泥娃娃，系漳州特有的土语，现仍沿用。由此推之，这十艘船大概均系中国漳州之商船。”
另据《罗山文集》卷十二说：自庆长十五年起（公元1610年，万历二十年），中国南京、福建商船航贩长崎者逐年增多[4]。明代福建的商船多系经漳州的海澄出海。漳州是明代起绒织物的主要产地，从此地出海的商船必定经常携带这类物品，亦是可想而知的。
明末的郑芝龙是当时海上渠魁李旭的义子，曾经居日多年，娶日本武士家庭出身的田川氏为妻，以在中日和南洋之间的海上武装走私为生。启祯之交海寇蜂起时，“洋舶非郑氏令不行。上自吴凇下至闽广，富民报水如故，岁入例金千万。”[5]受抚后，亦兵亦寇，仍垄断明朝东南沿海一带的海上贸易。他曾在崇祯十年（公元1641年）七月，派遣六艘商船绕经台湾航抵日本长崎，载运缎子二千七百匹，天鹅绒五百匹。
日本元禄八年（康熙三四年，公元1695年）刊印的西川如见《华夷通商考》是专门记载与日本通商国家的物产和航运情况的著作，虽刊刻时间较晚，但所反映之内容均为明末清初之实际情况。在此书介绍各地的土产名录中，广东和福建两省均有起绒织品。说明这两地所产起绒织品已输出到日本和其它国家，故引起他的注意，将其列入书中。
明代向日本输出这类产品，主要是供统治阶层享用，当时的日本统治阶层可能很喜爱这类织品，所以销往其地的比较多，特别是明代后半期就更为频繁了。上面征引的文献，内容都比较具体，很能说明问题。明了这些情况，对我们研究中日两国起绒技术的发展，无疑也是十分重要的。
明代起绒技术外传日本
根据现有材料看，中国古代起绒技术的对外传播，可能发生过三次。
4.1.第一次
大约发生于12世纪前后，传向西方国家。大概先传到中东，后来又传至欧洲。过去有人考证过欧洲起绒技术的来源，认为是十字军东征时，因在中东得到这类织物而移植过去的。这个论断所说的欧洲开始织作这类织物的时间，可能是对的。十字军起于公元1096止于1291年，其时中国起绒织品正大量的行销阿拉伯国家，十字军在中东得到的起绒织物可能即中国向西运送的这类产品的一部分（那时中东地区还很少生产这类织品）。但其所得似乎不仅限于织品，还应包括一些织造技术。11至13 世纪，中国旅寓中东的人比较多，其中有一些纺织工匠在当地织制纺织品和传授技术。十字军在中东活动时，大概还直接或间接的了解了中国工匠织作这类织物的具体方法，因而欧洲人才掌握了有关的技术和工艺。另外还有一种可能，即由蒙古军队带过去的。因为此时正是蒙古势力西渐直抵欧洲之时，在到过西方的蒙古军队中也有一些中国纺织工匠，这些工匠将起绒技术传授给了欧洲人。
4.2.第二次
大约发生在13－15世纪之间，传向东南亚地区的暹罗等国。暹罗又作暹罗斛，系由暹和罗斛两国合并而成，就是现在的泰国。暹罗自12世纪起即与中国建立了比较密切的贸易关系，其国的上水即中国商船和商品经常贩运的地区（上水有路北上可达中国的云南），华侨旅居其地的也相当多，甚至在其地出仕作官。15世纪以前，暹罗的生产技术还比较落后，华侨和中国商品抵达其地对于发展暹罗的经济和生产，都起过较大的作用。暹罗的起绒织品，在中国的著作里最早见于黄省曾的《西洋朝贡典录》卷中：“其贡物（有）……剪绒。”此著作成书于正德十五年（公元1520年），暹罗织制剪绒的技术大概是在此之前由华侨介绍过去的。
4.3.第三次
发生在17世纪中期（其时刚刚入清，系明代的技术当无疑问），亦即本文所要探讨的外传日本的情况。
据日本的《本朝世事谈绮》说：日本的起绒技术始于正保庆安之间（公元1644－1651年）[6]，其起因是在输入日本的起绒织品上发现未割除的起绒杆而引起的。
《谈绮》说到的那件织物，很有研究价值。虽然书中没有交待其来历，但有学者认为是荷兰人运至日本的，相信即荷兰产品。此看法恐怕不大对，大概是过分相信历史上欧洲学术对于日本的作用，认为日本近几百年间产生的科学技术多半来自欧洲的结果。17世纪前后，荷兰织制的这类织物与中国的不同，均采用毛纤维，绝对不用丝纤维，西川如见《华夷通商考》对这一点就有所反映，西川在介绍荷兰的这类织物时，即明确的写为毛ビロゥド，以示与丝织品有别（大概当时日本把用丝织成的起绒织物只叫ビロゥド，而把用毛织成的，前面另加毛字），《谈绮》没有在那件织物前加书毛字，可见不是毛织的，实属丝织的。既然是丝织产品，无疑是中国产品，与荷兰无关。
《谈绮》提到的那件织物是怎么运到日本的，现已很难考证。根据当时中国对日贸易情况估计，极有可能是中国商人直接启运的，既或不是这样，其根源实亦来自于中国。17世纪时，日本购买中国货物同中国购买日本货物一样，都是比较麻烦的，明政府对日禁运政策，对当时中日两国的商贸发展都有不良影响，日本为了冲破明政府设置的这种人为障碍，在进口中国货物时曾经作过许多尝试，除了设法拉拢中国的私商，还采取过这样两种措施：
4.3.1.一是经南洋转口。
经常利用日本商船把中国输送到南洋各地的货物向日本转运。明代同南洋各国的贸易始终没有间断过，16、17世纪时，南洋的爪哇下港、吕宋马尼拉和马来西亚大泥等地的商业都比较发达，当时的华侨在这些城市差不多都开辟有唐人街和商业区，每年向这些城市提供的中国货物相当可观。据荷兰人侯孟德的航海日记所载，在当地的市场上有：漆器、陶器、镜、梳、人参、伞和各色纸张，也有各色生丝、各种丝布、繻子、缎子和天鹅绒等丝织物[7]。正是由于日本非常重视从南洋这条渠道购买中国的商品，所以徐光启在其所著《海防迂说》中才有所谓的：中国禁绝贩日“倭所欲得于我者，悉转市之吕宋诸国矣”之说[8]。
4.3.2.二是由欧洲国家商船提供。
日本在17世纪时期确实曾同葡萄牙、西班牙、荷兰几个国家通商，但这几个国家贩日之物，并非尽为其国之所自产，而多半杂有中国的产品。当时这几个国家在亚洲都有一些殖民地，葡萄牙的势力侵入印度沿岸和马来西亚以及中国的澳门，西班牙的势力侵入以吕宋为主的菲律宾群岛，荷兰的势力侵入南洋爪哇一带，并占领中国的台湾。台湾为福建剪绒之大批销货地，爪哇、吕宋和马来半岛都是明代外贸商品的集散地。台湾、澳门自古即中国的土地，清初时以经销福建、广东的剪绒和各种丝织品著称。明末当亦如是。为了掠夺殖民地的财富，欧洲人向日贩运的商品，往往即取自聚居南洋各地的华侨和台湾、澳门两地。特别是荷兰，一直奉行以华货易日银，再以日银易华货的原则，不仅不断地在中国沿海地区或海上购买或劫夺中国商品作为换取日银货源，而且还同日本签订了每年向日本供应74万盾台湾商品的合同，按时按量地向日本输出。
过去研究中日通商的著作，大多着重阐述中日两国之间的直接来往，而很少考虑这两种情况，其实这两种情况是不容忽视的。《谈绮》所说的那件导致日本产生起绒技术的织品，在没有得到进一步的证明是用什么方法运往日本之前，当然不能排除是用这两种方式运往日本的，而在不排除这两种方式之前，便认为一定是欧洲的产品肯定是不恰当的。不过不管是用什么方式，似乎都同中国密不可分。
明代起绒技术对日本的这次传播，是以一种十分特殊的方式进行的，完全摆脱了技术操作者的直接授受。因为利用起绒杆织制织物，一般是不会发生漏割起绒杆的现象的。而且无论古今，凡是准备出售的商品，都不会不考虑质量，如果漏割，一定会在织物幅面上形成一条难看而又不易弯曲的横路，会严重影响其外观。《谈绮》所说那件织品，实是一个例外，大概是由于织作者在织作过程中急于求成，马虎其事，而出售之前又未认真检查而造成的。此差错无形中竟为中国向日本传播这项技术创造了条件，这自然是人们预先料想不到的。
“倭缎”一词与日语ビロゥド的关系
5.1.说明
倭缎这个词在中日两国起绒技术交流史上确实具有一定的意义，但并不意味这个词中的“倭”同日本有什么关系[9]，而是说这个词在明代的时候外传，并且对日本有所影响。说明这个问题非常重要，有助于加深我们对本文所探讨的一些问题的理解。
在日本的著作里，历来都是把起绒织物写作天鹅绒（不似中国天鹅绒仅表示起绒织物之一种）。这种写法，当然是借用中国的词汇，但在读法上则有两种，一种是用中国的读音，例如日本织制的唐天和绢天的“天”（唐天和绢天系日本明治时生产的两种丝织起绒织物，“天”为天鹅绒的简称），均读为てん；一种是读作ビロゥド，读音与前者迥别，但对于日本来说也是外来语。前者“天”的读音非常明显，勿须多论；后者，也可以说这个词汇的读音是怎么产生的，是个很值得研究的问题。
日本一些学者对这个问题作过研究，提出过许多不同的看法，其中较为重要的是认为日本ビロゥド这个词汇是从葡萄牙语Veludo和西班牙语Velludo转变的，特别是同葡萄牙语的关系尤为密切，而Veludo和Velludo二词则似乎是来自拉丁语Vellus（带毛的碎羊皮）[10]。这个说法有一定的道理，但不全对。ビロゥド大概确实是出自葡语或西语，可是若谓拉丁语Vellus是葡语Veludo或西语Velludo的本源，也就是说日本的这个词汇同拉丁语有关系，是日语ビロゥド最原始的本源，却不免有些牵强。拉丁语Vellus 与葡语Veludo或西语Vellus的前半发音相似，但不具备do的音，将两词如此联系，显然不大恰当。根据Veludo或Vellus和ビロゥド的发音以及中国和欧洲织制起绒织物的历史看，葡语Veludo或西语Vellus应该是另有来源的。这两词似乎都同中国的语音分不开，是直接或间接的出自中国的“倭缎”一词。
倭缎这个词（指读此音）原本起于福建的漳、泉一带。两地由于滨海的缘故，与广东一样，自唐宋以来出海谋生的人一直都很多。明代的人曾经说过这样一句话“澄（漳州海隆县，明代漳州商业贸易的中心地）水国也，农贾杂半，走洋如适市。朝夕皆海供，酬酢之皆夷产”[11]。这句话非常正确，也非常形象，说明明代漳、泉商人的足迹几乎遍布于当时的南洋各国和日本一些地区。这些商人自然会同所到那些地区的居民有广泛的接触，同时也会同当时东侵的欧洲人有所接触。
葡萄牙、西班牙、荷兰是欧洲早期东侵的先锋，16世纪以来先后在亚洲拥有一些殖民地。他们势力侵入的地区有：中国的台湾、澳门，印度沿岸以及南洋爪哇、马来西亚、菲律宾群岛。这些地区基本都是漳、泉商人经常到达或是漳、泉移民聚集的地方，其中最为集中的是马来西亚半岛，即印度支那和苏门答拉一带。
5.2.《东西洋考》卷三
“大泥即古阇泥也，初漳人（至其地者甚多）有张某为哪督，哪督者大酋之号也。……后（明廷）
官其子为酋。”
同书卷五：
“文莱即婆罗国……俗传今国王为闽人，随郑和征此，留镇其地，故王府之旁有中国碑。”
按既有闽藉军人为驻其地，漳泉商人当然亦会往赴其地贸易。
《天下郡国利病书》卷九六福建五：
“（嘉靖十二年）时漳州月港家造过洋大船往木暹罗佛郎机诸国通易货物。”
《西洋番国志》：
“旧港国即三佛齐国也，……国多广东福建漳泉人。”
其次是菲律宾爪哇和婆罗州。 《西洋番国志》：
“爪哇，国古名阇婆国也……而其国人有三等，一等西番回回人，……一等唐人，皆中国广东福建
漳泉下海者逃避与此……一等土人。”
何乔远《名山藏》：
“吕宋……其地迩闽，漳人多往焉，率居其地曰涧内（即中国人聚居之地亦名唐人街）其久贾者以
数万。”
5.3.分析
当时南洋有些地区的经济甚至日常生活仰赖于漳商的贸易。据记载，公元1603年西班牙殖民者发动反华事件屠杀吕宋之华侨二万五千人（大部分籍属漳泉），事后他们非常恐慌，因为当地的日用衣服饮食，大部分靠华商的运售，今因惨案而交通告断，贸易停顿，他们虽出高价，以求生活上日用品，亦不可得。这种情形，若不改变，势必致无衣可穿，无鞋可着，无物可食也。为此西班牙的吕宋当局在惨案之后不久，不得不派遣专员前往澳门作漳州商贩的工作，请他们劝告经营海外贸易的同乡，继续前往吕宋。专员较好地完成了请求重新通商的使命，回到吕宋受到了当地民众的热烈欢迎[12]。如此仰赖中国物质，亦说明漳商对南洋的贸易是非常频繁的。
倭缎是明代生产量最多的起绒织物之一，不仅流行于国内，也输出于国外。不同的语言和方言，是不同民族、不同地区的人民，长期保有、习惯使用的交换思想和意识的工具，往往可以随其迁移而迁移。当明代漳、泉地区的商人向国外贩运这类织物的过程中，肯定也会把倭缎这个词汇的发音传播出去。葡语Veludo，西语Velludo，日语ビロゥド，大概就是在这样的历史背景下产生的。最先是被葡、西两国派赴东方的人所接受，并且逐渐地融合于这两个国家的语言之内。倭缎二字在漳、泉方言里读为wo duan（文语）和ou dou （白语），葡语Veludo、西语Velludo的Velu和Vellu，即漳、泉语的wo或ou，do即漳、泉语中的duan或dou。日语假名中没有Ve音，在直译欧洲语言时往往把发Ve的音译为ビ，所谓ビロゥド，实即为Veludo的对音。
葡语Veludo和西语Velludo开始出现时间不见记载，大概是在16世纪的前半期（葡人稍早于西人，是在15世纪末到达东方的。正德12年，也就是公元1517年，有葡人至漳州要求通商互市，即与中国直接通商了，这之前可能已与漳、泉商人有过接触）。日语ビロゥド的开始出现时间，亦不见记载，估计不会晚于16世纪的90年代。日本同葡萄牙通商是从公元1550年葡萄牙商船第一次航抵日本开始，日本人吸收葡语Veludo或西语Velludo自亦在此之后。据日本记载说：当公元1609年中国商人陈振宇、陈德将包括起绒织物在内的大批货物运抵日本时（即前文谈到的庆长十四年的事）， 萨摩的岛津氏曾将货物清单转报日本的骏府。因为全部是用中文书写，骏府感到不易理解，重又责令金地院的崇传等人加注日本假名，其中有关天鹅绒之一项，即以ビロゥド这一假名标注[13]，说明这个词在那时日本的一部分人中业已传开。此后日渐推广，并成为日本纺织交易和生产语言中的一个正式名词。但已无人能知道其发生和演变的根由了。"

面料专业名词,抽条,在某些织物中，根据织物组织结构，把织针从针筒或针盘上取出，采用这种技术在织物上形成抽条。抽条织物是一种特殊的，或者说没有循环规律的正反面线圈相互配置组成的双面织物，对应织物中被抽针实为对面针床上进行反面编织的织针，因而整块织物好似在单面平针织物中配置了几条纵条纹。

面料专业名词,碱缩,

面料专业名词,丝光,

面料专业名词,克重,面料的克重一般为平方米面料重量的克数，克重是针织面料的一个重要的技术指标，粗纺毛呢通常也把克重作为重要的技术指标。牛仔面料的克重一般用“盎司（OZ）”来表达，即每平方码面料重量的盎司数，如7盎司、12盎司牛仔布等；

面料专业名词,幅宽,"面料的有效宽度，一般习惯用英寸或厘米表示，常见的有36英寸、44英寸、56-60英寸等等，分别称作窄幅、中幅与宽幅，高于60英寸的面料为特宽幅，一般常叫做宽幅布，当今中国特宽面料的幅宽可以达到360厘米。幅宽一般标记在密度后面，如：3中所提到的面料如果加上幅宽则表示为：“45X45/108X58/60""”即幅宽为60英寸。"

面料专业名词,密度,用于表示梭织物单位长度内纱线的根数，一般为1英寸或10厘米内纱线的根数，中国国家标准规定使用10厘米内纱线的根数表示密度，但纺织企业仍习惯沿用1英寸内纱线的根数来表示密度。如通常见到的“45X45/108X58”表示经纱纬纱分别45支，经纬密度为108、58。

面料专业名词,纬纱密度,"面料宽度方向；
该向纱线称做纬纱，其1英寸内纱线的排列根数为纬密（纬纱密度）"

面料专业名词,经纱密度,"面料长度方向；
该向纱线称做经纱；
其1英寸内纱线的排列根数为经密（经纱密度）"

面料洗涤保养,欧根纱洗涤保养,"炎热的夏天，欧根纱衣服依然深受广大女性的欢迎。但是大家在洗涤的时候也会遇到一个难题，因为易褪色、易变形、不好洗。接下来小编就为大家讲一些欧根纱衣服洗涤方法和保养。

步骤/方法

①洗涤欧根纱服装时，不宜把欧根纱衣服在冷水中浸泡过长的时间，5至10分钟为宜。洗涤时可用中性洗衣粉，欧根纱衣服切不可用洗衣服洗，要手洗，揉搓要轻，不可以用重力揉搓，以防纤维受损。

②洗涤好的欧根纱衣服，最好是带水晾干，而且是阴干，却不可在阳光下曝晒，这样可以防止影响纤维的强度和色牢度。



③欧根纱衣服在晾晒的时候可以反过来晾晒，同时避免阳光直射，大概在衣服八成干的时候，便可以取下，这样晾晒后的欧根纱衣服摸起来手感比较柔和，而且不易褪色。

④欧根纱衣服的特点是耐酸不耐碱，所以为了保持色泽的鲜艳，晾晒之前最好在水中滴入几滴醋酸，再把衣服在水中浸泡十分钟左右，再拿起来晾干，这样可以保持衣服的颜色。

⑤欧根纱制品不宜喷射香水、清新剂、除臭剂等；储藏时不要用樟脑丸，因为这样可能会导致欧根纱衣服吸附某种气味或者变色。

⑥欧根纱衣服在衣柜里最好用衣架挂起，衣架不要用金属类的，衣服防止铁锈之类的污染，而且应放在正阳光直射到的地方，要避光，如果欧根纱衣服要叠起，也应放在衣柜的上层，以免被压变形，变皱。"

面料洗涤保养,磨毛面料注意事项,"一.纱线
捻度不要太大,否则不易起绒,
条干要均匀,不要有纱节、接头不能大,容易出破洞
二.织布
尽量新针新生克片,最好先试一匹,看直条.没经验织厂胚布容易开出隐直条,磨毛时才发现
三.染色
手感要软,有时还要加起毛油(看风格和品种)、
四.磨毛
根据风格选取不同磨毛机(粗细砂纸,碳素等),速度等,张力要均匀。"

面料洗涤保养,夏季服装的几种常见面料保养,"锦纶面料类

1、不可熨烫

2、洗后不要在阳光下暴晒，锦纶面料的光照牢度不是很好，易发生光照褪色


棉线类

1、冷水机洗，不可过重

2、全棉线衫的回弹性较差，容易变形，穿着时不可拉扯过大，尤其领口、袖口、下摆等处，晴纶棉混纺的线衫回弹性相对较好，不如全棉线衫容易变形，但较容易起毛，洗涤时也需注意不可过重


衬衫

1、冷水机洗，不可漂白

2、不可高温压烫

3、混纺类衬衫熨烫温度要适当降低，垫布熨烫

4、硬领不可熨烫

5、挂储







印花T恤

1、印花位不可拉扯，不可揉搓，绞拧

2、印花位不可熨烫，防止印花脱落

3、罗纹布的弹性较好，印花位在拉扯过大时容易发生脱落现象。


弹性T恤

1、弹性面料不可高温熨烫，防止损伤面料弹性

2、不可漂泊，会损伤面料弹性

3、有些弹性面料是采用包芯纱织造，纱线较蓬松，布面毛绒较多，洗涤时注意不要过重，防止起毛过多

4、不可暴晒，防止面料弹性受损害


全棉轻薄T恤

1、洗涤时不可过重，不要与其他粗厚衣服一起洗涤，防止变形、起毛过重和被勾伤、擦伤，最好单独洗涤

2、轻薄面料组织较稀，面料弹力较低，日产穿着时注意防止硬物勾纱，造成破洞

3、轻薄面料易变形，穿着时注意不要拉扯过大"

面料洗涤保养,维纶织物的洗涤及保养,"先用室温水浸泡一下，然后在室温下进行洗涤。洗涤剂为一般洗衣粉即可。切忌用热开水，以免使维纶纤维膨胀和变硬，甚至变形。洗后晾干，避免日晒。
洗涤方法同棉织品一样，但不要用碱性太重的肥皂和太热的水洗，也不要过分用力，以免纤维收缩、变硬和起毛球。熨烫必须在织品干燥时进行，也不要喷水（潮湿时熨烫容易使其收缩），并垫上一块平布，温度不宜超过110℃。维纶织品不宜高温烘焙，否则容易使织品发硬、焦黄，甚至脆化。这类纺织品不怕虫蛀，亦不易受霉菌侵蚀，收藏前将织品洗干净，保持清洁干燥即可。"

面料洗涤保养,锦纶织物的洗涤及保养,"锦纶面料羽绒服清洗：
1:首先要准备一盆温水，和你的手的温度差不多就可以，不要过烫。并在水里放入适量的洗衣粉。
2：把羽绒服放在里面浸泡10分钟后开始清洗，注意，不要用手去揉搓衣服，脏的地方一定要用软毛刷或是不用的牙刷来洗刷就可以，把重点部和不太脏的地方都刷下。
3：刷干净后在拧的时候不要去拧麻花来挤压水份，顺着往下积压就可以，完了用清水先过一遍。
4：再清洗第二遍的时候，现在就是小窍门的时候了，在水里滴入醋，在家里食用的醋就可以，一般炒菜的用量就差不多了，把羽服放在里面浸泡5-10分钟，大致的揉下，在晾的时候注意，一定不要拧麻花一样去拧水，顺着纹路两手对着挤压就可以，悬挂晾干
5：并且一定不要放在阳光下面晒，放在通风的地方就可以，我一般放在厕所2。3天就可以干了，干了以后，姐妹们会发现衣服很扁，也不蓬松，呵呵，现在就再教一个小窍门，把衣服取下来，放在床上，用面积大的衣架拍打衣服，各处都要拍打，不一会你就会发现，羽绒服恢复了最初洁净的模样，并且没有异味和难看的白渍哦。
锦纶面料以其优异的耐磨性著称，它不仅是羽绒服、登山服衣料的最佳选择，而且常与其它纤维混纺或交织，以提高织物的强度和坚牢度。锦纶纤维面料的特点可归纳如下：
1． 锦纶织物的耐磨性能居各类织物之首，比同类产品其它纤维织物高许多倍，因此，其耐用性极佳。
2． 锦纶织物的吸湿性在合成纤维织物中属较好品种，因此用锦纶制作的服装比涤纶服装穿着舒适些。
3． 锦纶织物属轻型织物，在合成纤维织物中仅列于丙纶、腈纶织物之后，因此，适合制作登山服、冬季服装等。
4． 锦纶织物的弹性及弹性恢复性极好，但小外力下易变形，故其织物在穿用过程中易变皱折。
5． 锦纶织物的耐热性和耐光性均差，在穿着使用过程中须注意洗涤、保养的条件，以免损伤织物。
锦纶就是通常说的尼龙纤维，是把尼龙材料拉成很细的纤维，再织布而成的，尼龙的具体学名叫做聚酰胺，是用途广泛的工程塑料。根据尼龙的材料不同，常见的是锦纶6和锦纶66，也就是用尼龙6和尼龙66做成的纤维。
锦纶学名聚酰氨纤维，是中国所产聚酰胺类纤维的统称。

锦纶又被称之为尼龙，锦纶，学名聚酰氨纤维，是中国所产聚酰胺类纤维的统称强度高。耐磨性，回弹性好。可以纯纺和混纺作各种衣料及针织品。锦纶的品种很多，有锦纶6、锦纶66、锦纶11、锦纶610其中最主要的是锦纶66和锦纶6。

锦纶品种

锦纶纤维面料可分为纯纺、混纺和交织物三大类，每一大类中包含许多品种。

1. 锦纶纯纺织物 以锦纶丝为原料织成的各种织物，如锦纶塔夫绸、锦纶绉等。因用锦纶长丝织成，故有手感滑爽、坚牢耐用、价格适中的特点，也存在织物易皱且不易恢复的缺点。锦纶塔夫绸多用于做轻便服装、羽绒服或雨衣布，而锦纶绉则适合做夏季衣裙、春秋两用衫等。

2. 锦纶混纺及交织物 采用锦纶长丝或短纤维与其它纤维进行混纺或交织而获得的织物，兼具每种纤维的特点和长处。如粘/锦华达呢，采用15%的锦纶与85%的粘胶混纺成纱制得，具有经密比纬密大一倍，呢身质地厚实，坚韧耐穿的特点，缺点是弹性差，易折皱，湿强下降，穿时易下垂。此外，还有粘/锦凡立丁、粘/锦/毛花呢等品种，都是一些常用面料。

市场上最为常见的锦纶产品为锦纶6和锦纶66。

锦纶6：全名为聚己内酰胺纤维，由己内酰胺聚合而成。

锦纶66：全名为聚己二酰己二胺纤维 ，由己二酸和己二胺聚合而成。

锦纶6与锦纶66的共同特性：耐光性较差，在长时间的日光和紫外光照射下，强度下降，颜色发黄；其耐热性能也不够好，在150℃下，经历5小时即变黄，强度和延伸度显着下降，收缩率增加。锦纶6、66长丝具有良好的耐低温性能，在零下70℃以下时，其回弹性变化也不大。它的直流电导率很低，在加工过程中容易因摩擦而产生静电，其导电率随吸湿率增加而增加，并随湿度增加而按指数函数规律增加。锦纶6、66长丝具有较强的耐微生物作用的能力，其在淤泥水或碱中耐微生物作用的能力仅次于氯纶。在化学性能方面，锦纶6、66长丝具有耐碱性和耐还原剂作用，但在耐酸性和耐氧化剂作用上性能较差。

锦纶优缺点

最大优点是结实耐磨，是最优的一种。密度小，织物轻，弹性好，耐疲劳破坏，化学稳定性也很好，耐碱不耐酸！

最大缺点是耐日光性不好，织物久晒就会变黄，强度下降，吸湿也不好，但比腈纶，涤纶好。

锦纶优洗涤方法

1、对洗涤剂要求不高，水温不宜超过40度，以免温度太热而走行；

2、洗涤时不要猛搓，以免出现小毛球；

3、对浅色织品洗后应多冲几次，不然日久容易泛黄；

4、忌暴晒和烘干，应阴干；

5、锦纶耐热性较差，所以要低温熨烫，一定要打蒸汽，不能干烫。"

面料洗涤保养,腈纶织物的洗涤及保养,"腈纶织物

基本与涤纶织物洗涤相似。先在温水中浸泡15分钟，然后用低碱洗涤剂洗涤，要轻揉、轻搓。厚织物用软毛刷洗刷，最后脱水或轻轻拧去水份。纯腈纶织物可晾晒，但混纺织物应放在阴凉处晾干。"

面料洗涤保养,涤纶织物的洗涤及保养,"涤纶织物

先用冷水浸泡15分钟，然后用一般合成洗涤剂洗涤，洗液温度不宜超过45℃。领口、袖口较脏处可用毛刷刷洗。洗后，漂洗净，可轻拧绞，置阴凉通风处晾干，不可曝晒，不宜烘干，以免因热生皱。"

面料洗涤保养,粘胶纤维织物的洗涤及保养,"粘胶纤维织物

粘胶纤维缩水率大，湿强度低，水洗时要随洗随浸，不可长时间浸泡。粘胶纤维织物遇水会发硬，洗涤时要轻洗，以免起毛或裂口。用中性洗涤剂或低碱洗涤剂。洗涤液温度不能超过45℃。洗后，把衣服叠起来，大把地挤掉水份，切忌拧绞。洗后忌曝晒，应在阴凉或通风处晾晒。"

面料洗涤保养,丝的洗涤及保养,"丝(SILK)

特性：
1.蛋白质纤维
2.富有光泽，有独特“丝鸣感”，手感滑爽，穿着舒适，高雅华贵
3.强度比毛高，但抗皱性差
4.比棉、毛耐热，但耐光性差
5.对无机酸较稳定，对碱反映敏感

洗涤方法：
1.忌碱性洗涤剂，应选用中性或丝绸专用洗涤剂
2.冷水或温水洗涤，不宜长时间浸泡
3.轻柔洗涤，忌拧绞，忌硬板刷刷洗
4.应阴干，忌日晒，不宜烘干
5.部分丝织物应干洗
6.深色丝织物应清水漂洗，以免褪色
7.与其它衣物分开洗涤
8.切忌拧绞

保养方法：
1.暴晒，以免降低坚牢度及引起褪色泛黄，色泽变劣
2.忌与粗糙或酸、碱物质接触
3.收藏前应洗净、熨烫、凉干，最好叠放，用布包好
4.不宜放置樟脑丸，否则白色衣物会泛黄
5.熨烫时垫布，避免极光


丝绸织物

洗前，先在水中浸泡10分钟左右，浸泡时间不宜过长。忌用碱水洗，可选用中性肥皂或皂片、中性洗涤剂。洗液以微温或室温为好。洗涤完毕，轻轻压挤水份，切忌拧绞。应在阴凉通风处晾干，不宜在阳光下曝晒，更不宜烘干。"

面料洗涤保养,毛的洗涤及保养,"毛(WOOL)

特性：
1.蛋白质纤维
2.光泽柔和自然,手感柔软,比棉、麻、丝等其它天然纤维更有弹性，抗折皱性好，熨烫后有较好的褶皱成型和保型性
3.保暧性好，吸汗及透气性较好，穿着舒适

洗涤方法：
1.不耐碱，应选用中性洗涤剂，最好采用羊毛专用洗涤剂
2.冷水短时间浸泡，洗涤温度不超过40度
3.采用挤压洗，忌拧绞，挤压除水，平摊阴干或折半悬挂阴干，勿曝晒
4.湿态整形或半干时整形，能除皱纹
5.机洗勿用波轮洗衣机，建议先用滚筒洗衣机，应选择轻洗档
6.高档全毛料或毛与其他纤维混纺的衣物，建议干洗
7.夹克类及西装类应干洗，不宜水洗
8.切忌用搓衣板搓洗

保养性：
1.忌与尖锐、粗糙的物品和强碱性物品接触
2.择阴凉通风处凉晒，干透后方可收藏，并应放置适量的防霉防蛀药剂
3.收藏期中应定期打开箱柜，通风透气，保持干燥
4.高温潮湿季节，应晾晒几次，防止霉变
5.切忌拧绞


羊毛织物

羊毛不耐碱，故要用中性洗涤剂或皂片进行洗涤。羊毛织物在30℃以上的水溶液中会收缩变形，故洗涤浴温度不宜超过40℃。通常用室温（25℃）水配制洗涤剂水溶液。洗涤时切忌用搓板搓洗，即使用洗衣机洗涤，应该轻洗，洗涤时间也不宜过长，以防止缩绒。

洗涤后不要拧绞，用手挤压除去水分，然后沥干。用洗衣机脱水时以半分钟为宜。应在阴凉通风处晾晒，不要在强日光下曝晒，以防止织物失去光泽和弹性以及引起强力的下降。"


功能性面料,防紫外线面料,"防紫外线面料是一种人体避免过量紫外线的辐射的保护材料。常用的面料有涤丝纺、春亚纺、五枚缎。使用该面料可以防止人体皮肤晒伤老化。




背景
防止紫外线对人体的伤害，已经被越来越多的消费者所重视。太阳光谱中的紫外线不仅使纺织品褪色和脆化，也可使人体皮肤晒伤老化，产生黑色素和色斑，更严重的还会诱发癌变，危害人类健康。
紫外线对人体的皮肤和眼睛的影响最为明显。皮肤对紫外线的吸收与其波长有关。波长越短，透入皮肤的深度越小，照射后黑色素沉着较弱;波长越长，透入皮肤的深度越大，照射后黑色素沉着较强。由于受光化学反应的作用，能级较高的光子流能引起细胞内的核蛋白和一些酶的变性。因此，被紫外线照射后，需经过6—8小时的潜伏期后才发生细胞的改变并出现症状，包括皮肤干痛、表皮皱缩，甚至起泡脱落。
因紫外线对组织的穿透力很弱，皮肤下的深层组织较少受伤。但严重的紫外线，可引起人体疲乏、低热、嗜睡等全身反应。有些人的皮肤由于对紫外线过敏，光照后发生日光性皮炎（又称晒伤），暴露区皮肤瘙痒、刺痛、皮肤脱屑，还可能溃破结痂。实际观测表明，在海拔3500米的高原地区（紫外线通常为平原地区的3—4倍），裸露皮肤在中午前后紫外线照射下，持续20—40分钟，皮肤有灼痛感且脱皮;持续40—80分钟，皮肤会起丘疹状水泡并导致各种病变。




面料标准
紫外线辐射对人体的危害越来越引起世界各国的重视，澳大利亚等国家明确要求学生服装等具备防晒功能，我国也制定了纺织品抗紫外线面料标准。
过量的紫外线照射会使人体皮肤产生灼伤，且诱发皮肤病甚至皮肤癌，还会促进白内障的生成并降低人体的免疫功能。
1) 因此，为了保护人体避免过量紫外线的辐射，而对纺织品进行防紫外线面料整理；
2) 经防紫外线面料整理后无毒、对人体安全，对皮肤无刺激、无过敏反应，不影响织物的色泽、强力和吸湿透汽性；
3)涤纶防紫外线面料和尼龙防紫外线面料：桃皮绒春亚纺色丁等； 防紫外线雨伞面布料有：涤丝纺春亚纺五枚缎等；
4)防紫外线面料产品，根据客户要求均可达UPF50+，紫外线遮蔽高达99%，对人体形成极佳的紫外线防护，品质可靠,信誉保证；
5)防紫外线面料标准:AS/NZS4399:1996 , UPF范围防护等级 15-24 良好， 25-39 很好， 40-50，50+ 极佳；"

功能性面料,速干面料,"速干衣就是干的比较快的衣服，与毛质或棉质的衣物相比，在外界条件相同的情况下，更容易将水分挥发出去，干得更快。它并不是把汗水吸收，而是将汗水迅速地转移到衣服的表面，通过空气流通将汗水蒸发，从而达到速干的目的，一般的速干衣的干燥速度比棉织物要快50%。




简介
在进行户外活动时，大量的运动使衣服很容易就会湿掉，而速干衣的特点就是吸湿、快干，成为户外爱好者进行夏季户外活动的首选服装。




户外出行运动量一般较大，衣裤被汗水浸湿后贴在身上非常难受。为了摆脱大量汗水淤积在皮肤表面难受的感觉，有些人会选择穿上“舒适透气”的纯棉服装。


但事实上，纯棉质地的服装只能吸汗并不透气，不适宜运动时穿着。而性能好的速干衣裤可以将汗水导入衣服表面，从而使汗水迅速挥发，恢复人体的舒适感。
有的人觉得速干衣物非常神秘，以为里头有很多的高科技成 分，其实速干衣物大多数是由化纤面料制造而成，只是由于加工技术的不同，使其拥有了普通衣物不具备的种种神奇的功效。速干衣的吸水性不高，透气性不错(因材料而异)有一定防泼水性，被打湿后在体温或是风力的作用下，相对于普通衣物干燥速度比较快。




常识


主要功能
速干衣物是应户外使用环境的要求产生的。一般情况下，春夏交替时就可以穿上速干衣物了，此时它们比起厚重的冲锋衣要方便，实用得多。速干衣的主要功能是快速排汗，也就是将皮肤上出的汗水迅速吸收、扩散，并通过尽可能扩大面积来加快蒸发速度。
穿着普通运动装，锻炼出汗后立刻转入休息状态，会因为人体温度的变化而生病。而速干衣可以散湿且保暖性好，有利于保持皮肤干燥清爽。特别要提一下做户外运动时，速干衣在防风、防雨、防湿方面能发挥更好的作用。[2]


设计理念
速干衣物的设计理念与其速干原理，使用环境是密不可分的。速干衣物最初的设计理念主要是基于两个方面的考虑：
内部因素
由于从事野外活动的人比较容易出汗。如果运动量大的时候，全身则会大汗淋漓。如果此时你穿的是普通的衣物，那么它们会紧紧贴在你的皮肤上，特别难受。但速干衣物呢，它们能使挥发的汗水迅速得以挥发到体外。
外部因素
野外行走时，早晨的露珠或是毛毛细雨都会将你的衣物打湿，如果裤腿紧贴在腿上，那会带来不舒服的感觉。如果是速干衣物，那么它们的速干性能及防泼水性能就会使你免除这些不必要的麻烦。


速干原理
这是个非常专业的问题，面料的不同其采用的原理也不尽相同，有利用类似形状记忆高聚物的特征原理；也有利用微孔薄膜原理；还有利用水滴分子直径与水分子，空气分子之间的差异性原理等等，在这里，将重点介绍利用微孔薄膜原理。利用微孔薄膜原理的速干面料在市场上极为常见。其速干原理是利用微孔孔径介于水分子，空气分子最大直径与水滴分子的最小直径之间的一层薄膜，然后再将薄膜与外层织物复合，于是面料就有了防水透气的功效.这与GORE-TEX的原理有点相似，采用这种原理的面料，发挥作用的是那带有微孔的薄膜，它既起到防泼水的作用还起到透气的作用，不管是利用微孔薄膜原理还是别的什么原理,其实都是纤维不同的化纤面料罢了。


选购使用
关于面料
聚酯纤维
100%含有聚酯纤维，会让消费者有穿了一层尼龙在身上似的不适感。为避免这种情况发生，不同品牌根据自己的功能定位各有自己的解决方式。有的通过织法不同而改变聚酯纤维吸水后带给人的不适感；有的则相对更注重舒适性和生活性，会加入一些棉等成分；有的则可以让棉纤维等面料同样具有很好的速干功能。[2]
COOLMAX
COOLMAX是一种最为常见、使用范围相对较为广泛的面料，由杜邦公司研制。该面料的突出特点是具有很强的吸汗排汗功能，这得归功于COOLMAX的中空结构。
MONY-DRY
MONI-DRY属于吸湿速干面料，由COLUMBIA公司研制出品。其主要特点是超强的挥发性和吸水性，比一般的棉布要强2到3倍，从而有效地保正速干衣穿着者的舒适干爽。
ACTIVENT
ACTIVENT是美国GORE公司出的一种既防风又非常透气、还能防一点水的化学材料，它是一种薄膜，需要和别的尼龙类材料压合在一起用，比较适合自行车爱好者选择的速干衣。[2]


鉴别方法
CoolMax的鉴别
因为CoolMax最大的特点是有很强的排汗功能；
去户外去登山或在炎热的环境中使用，就应该选择CoolMax比例高的产品，如100%或5%莱卡混纺产品，其贴身性及拉伸性较好。
如只是日常使用的话，无论从舒适度还是耐用性来说，50%CoolMax就足够了。
在挑选此类速干时，一定要看看标牌上表明的CoolMax以及其它纤维的含量，如果未标明，那基本就可以断定是假货了。
Teflon涂层的鉴别
Teflon的最大特点就是防泼水和极好的抗渍性。其实“涂层”这种说法并不恰当，“Teflon的应用是使纺织纤维在分子大小的纳米范围内进行涂层处理。由此每根纤维都具备了最佳的防湿抗渍性，同时本身的各种优越性又得到最大的保障。”对于Teflon或其他好的防泼水面料，最简易的鉴别方法是用一点清水泼在上面，轻轻揉搓，正品面料制成的衣物是不会有水渍出现的。
supple材料的鉴别
人们可以作一个测试，如果把一滴水滴到质量差的速干衣上，多数情况下，水珠还是水珠，把水珠用手指碾碎，才会被衣服吸收。严格地说，这样的材料不算真正的速干材料。当然，这种材料还是比一般的服装材料干燥的速度快一些。如果把一滴水滴到质量好的速干衣上，会发现这滴水被迅速吸收，并迅速扩大到原来的N倍面积。一分价钱一分货，买速干衣的时候，建议最好做个测试。


清洁保养
和登山鞋一样，速干衣裤也是需要正确的清洁和保养措施的。对于不具备防水功能的速干衣机洗就行了。
对于Teflon涂层或其他带有防水功能的面料，视使用强度的不同，洗涤之后其防泼水程度都会有不同程度的下降，可以使用“Niwax”喷剂恢复。
早期的速干衣面料多采用聚丙烯，这种面料容易起球，洗涤次数越多现象就越明显，在晾干或靠近火源时容易老化。后来多使用聚酯代替聚丙烯，它的特点就是不易起球和老化。这两种面料在洗涤时，都不要大力揉搓，机洗的话也要开到“轻柔”档。在晾晒时也和登山鞋一样，最好避免阳光的直射，合成纤维在阳光直射下很容易老化。另外，速干衣所使用的纤维几乎都不是耐火材料，一个火星可能毁了你精心挑选的速干衣，所以提醒大家在吸烟或玩篝火晚会时一定要注意防火。


使用方法
野外穿法
速干衣在野外穿法应该是贴身穿。有些山友喜欢在速干衣里面加一件T恤，如果是纯棉T恤，那么，汗水就会被纯棉T恤保存，起不到迅速扩散的作用，外层的速干衣也就没有效果了。但是，如果在速干衣里面穿一件COOLMAX材料的T恤，COOLMAX可以迅速排汗，这样的组合是合理的。


城里穿法
速干衣在城里穿。一些山友在城里也穿着速干衣，实际上，速干衣的主要优点是排汗迅速。但它的舒适度并不如纯棉T恤（当然，穿吸汗性能好的速干衣，如supple材料的，体感会好得多，还是不如纯棉或者COOLMAX材料），甚至比纯棉服装还要感觉闷一些。如果您在城市里，没有大量出汗，也不担心出汗后会被山风吹坏身体，就没有必要穿速干衣了。


排汗
速干衣最好不要贴身穿，毕竟速干衣是化纤产品，贴身穿的感觉不怎么好。其次，从排
户外体验
汗的效果看，很多速干衣是有防泼水涂层的，这些材料的速干衣，吸汗能力不好，全部浸湿后快速干燥能力还可以，但身上的汗不能够被衣服吸收。所以，如果买的是200元以下的速干衣，最好里面再套一件coolmax的排汗衣服，它负责把身体的汗吸收了，然后排到外层去。
不能在里面穿普通的纯棉T恤，一旦出汗了，纯棉的很难排汗，帖在身上，被风一吹，很危险。如果穿的是200多元以上的速干衣，真正的速干吸湿材料的，那么单独穿也行。"

功能性面料,热感保暖面料,"热感保暖面料的英文是：“Hot-Fabric”，热感保暖面料它可吸收可见光和红外线等外界热量，作为潜能贮存；一旦外界温度降低，胶囊开始发生相变，逐步固体化，放出潜能，提高人体表皮血流量的功能给人以温暖感。




热感保暖面料的作用:
热感保暖面料它可以促进血液循环，提高人体免疫力；具有良好的消臭效果，持久清新；对人体安全，无刺激，具有明显的保健功能。




热感保暖面料的用途:
热感保暖面料特别适用于内衣面料、衬衫面料、床上用品面料、休闲系列服装面料、各种服饰面料、家用纺织品面料等。处理后的面料可活化组织细胞；热感保暖面料分为：涤纶热感保暖面料和尼龙热感保暖面料。




热感保暖面料的原理:
凉感纤维的制造，在各大先进国家均属先端科技，当肌肤接触热感保暖面料产品时，仿佛置身于森林中，感受到阵阵凉爽与舒适。科技的进步给人们的生活及消费模式产生了极大的影响，在讲究舒适生活的同时兼备环保概念的绿色消费是人类走向文明及经济发展的必然，而将散热凉爽的织物化为节能的行动，，亦不失为时尚的新选择。将待测样布置于一个冷板上，降温5min后，再将样布放置于苯乙烯平台上，接触温度较高之 热板，瞬间所测得值为Qmax值，所得之值越高，表示样布散热速度越快。研究显示在运动进行中，若织物有降温功效，则运动员可感受到。




热感保暖面料具有吸湿排汗、抗紫外线功能：
吸湿排汗面料的原理：吸湿排汗设计蚕蛹异型断面结构，其纤维间隙较一般圆断面纤维的间隙大。异型断面的纤维利用自然界的毛细作用，将皮肤表面的汗水和湿气吸收、输送到织物表面并散发掉，形成“吸湿快干”之功能。"

功能性面料,吸湿排汗面料,"尼龙吸湿排汗面料、涤纶吸湿排汗面料的工作原理： 吸湿排汗面料被我们常称为“吸湿快干布料”或“可呼吸面料”，它的英文一般叫“Moisture Wicking Fabric”，“Moisture Absorption Perspiration Fabric”。 吸湿排汗纤维一般具有较高的比表面积，表面有众多的激孔或沟槽，其截面一般为特殊的异形状，利用毛细管效应，使纤维能迅速吸收皮肤表面湿气与汗水，通过扩散、传递到外层带发。




工作原理
吸湿排汗面料被我们常称为“吸湿快干布料”或“可呼吸面料”，它的英文一般叫“MoistureWickingFabric”，“MoistureAbsorptionPerspirationFabric”。
吸湿排汗纤维一般具有较高的比表面积，表面有众多的激孔或沟槽，其截面一般为特殊的异形状，利用毛细管效应，使纤维能迅速吸收皮肤表面湿气与汗水，通过扩散、传递到外层带发。


吸湿排汗面料功能主要有涤纶吸湿排汗面料和尼龙吸湿排汗面料，由于涤纶吸湿排汗面料是一种结晶性很高的纤维。分子主链中没有亲水性基团，因此呈疏水性，吸湿排汗很差。因此服装穿着透湿性差，有闷热感。又有静电易于积累引起的种种麻烦。纵观吸湿排汗涤纶的开发。主要是通过物理和化学改性，或两者结合方法实施。


规格
尼龙吸湿排汗面料、涤纶吸湿排汗面料特殊异形纤维：
吸湿排汗面料常用规格有：纤维：1.4D*38mm，长丝型：50D/72F、100D/144F、150D/144F、75D/72F、75D/48F、75D/36F、100D/72F、100D/48F、150D/96F、150D/48F等；纱线类：16S/1、20S/1、30S/1、，32S，40S，50S，60S等。
吸湿排汗面料纤维织成的面料因具备质轻、导湿，快干、凉爽，舒适，易清洗，免熨烫等优良特性，而广泛应用于运动服，户外、旅游休闲服，内衣等领域，深受消费者喜欢。"

功能性面料,ptfe复合面料,"ptfe复合面料


PTFE复合面料是用特殊工艺将PTFE服装膜复合在普通面料表面，而成的具有防水透湿、防风保暖之功效的功能性面料。






PTFE复合面料的性能及应用


PTFE复合面料性能
PTFE复合面料是用特殊工艺将PTFE服装膜复合在普通面料表面，而成的具有防水透湿、防风保暖之功效的功能性面料。其独特性能为：


防水性能
防水性是指织物外侧的水不会穿透织物，浸到内侧。PTFE层压复合面料即使在80lb/m2压力下仍然防水，穿上该面料服装，即使站在狂风暴雨中，坐在湿物表面上，人也不会感到潮湿。该面料服装之所以具有如此神奇的功能，主要是由于该面料主体PTFE膜的微孔孔径是水滴直径的1/5000-1/20000，因此即使是最小的雨滴也不能通过。PTFE表面能低，水滴不能在薄膜上铺展，阻止水滴透过。


透湿性能：
PTFE薄膜的孔隙率高达80%，平均孔径为0.2µm，微孔孔径大于水蒸汽分子的700倍，水蒸汽分子可自由通过。


防风性能
PTFE薄膜在拉伸过程中，形成结点与无数根微纤维连接的微孔结构，微纤维之间形成孔隙，孔隙彼此贯通，形成独特的网络结构。风不能直接通过，遇到阻隔就会改变方向折回，有效阻止空气的渗透，因此具备优良的防风性能。


保暖性能
PTFE薄膜具有优良的透湿性能，可及时将人体排出的蒸汽传输到微气候外，防止水蒸汽凝结成液态水，减小水传导热量的可能。薄膜表面虽然密集大量微孔，但风却不能穿透，有效阻止空气对流。测试表明，在25m/s的大风中，PTFE复合面料的保暖效果比传统的羽绒服提高30-40%。


防核生化性能
PTFE薄膜孔径较小（平均孔径0.2µm），阻隔某些有毒气体或气溶胶的透入，低表面能阻止某些有毒液体的渗透。在薄膜一侧涂覆无孔水蒸汽通量高的材料，实现水蒸汽的选择性渗透，达到完全防护的目的。PTFE复合面料加工的核生化防护服具备防水、透湿、防风、防核生化等多种功能。




工艺流程
防水透湿PTFE复合面料的生产工艺流程,分为干法和湿法两种。


干法
织物防水处理→电晕放电(或磨毛)→圆网上胶→烘干→PTFE薄膜退卷、放电处理→与织物热
压复合→PTFE膜面处理→(上胶→复合里料→
)切边→打卷检验→包装→成品。


湿法
织物防水处理→电晕放电→圆网(或凹版)上胶→PTFE薄膜退卷、放电处理、覆膜→烘燥热压
复合→PTFE膜面处理→(上胶→复合里料→)切边→打卷→检验→包装→成品。




PTFE复合面料应用
保暖透气内衣
传统的保暖内衣是采用聚乙烯或聚丙烯薄膜与絮毡复合，此类薄膜完全不透气，身体汗液无法排出。将PTFE薄膜的针织布、无纺布的层压织物可用于保暖内衣，该内衣具备透湿、防风、保暖等优点。


全天候运动服装
PTFE复合面料具有防水、透湿、防风等功能，大大提高了运动服装的穿着舒适性和功能性。


特种服装
用于医护人员工作服，可有效防止体液沾污。与具有阻燃功能的面料复合可制作阻燃服装。


鞋用材料
将织物或其他多孔外层材料与PTFE薄膜胶合在一起，并且保持其微孔结构，生产成劳保鞋可以达到防水透湿的效果。经标准测试发现，该鞋面的透湿率是常规涂层防水鞋面的八至十倍。这种鞋面还可根据需要采用不同面料、结构、颜色等，它能赋予鞋子以下功能：防水性、透湿性、防风性、微粒阻隔性、防菌性等。另外，PTFE膜组成的衬层还可以与皮革接合在一起，制成外观美丽的各式防水皮鞋（靴）。因此，PTFE复合面料可以广泛用于军用鞋、民用鞋、时装鞋（靴）等许多方面。现阶段的劳保鞋大部分没有使用与PTFE薄膜胶合在一起，具有不透气的缺点，穿上脚上很不舒服，因此为了解决这个困难可以采用多空外层材料与PTFE薄膜胶合在一起。




PTFE复合面料的技术参数
PTFE复合面料：
PTFE服装膜孔径范围0.1µm-0.5µm，比水分子直径小几百倍，比水蒸气分子大上万倍，具有优良的防水透湿性能和防风保暖功能。经PTFE薄膜复合的服装面料，广泛应用于运动服装，防寒服装，军队、消防、公安、医护、防生化等特种服装，鞋帽、手套以及睡袋、帐篷等。
复合膜技术参数：
厚度 20—90 µm ： 幅宽 1700mm ：透气量 ≤1L/m2.s： 透湿量 ≥6000g/m2.24hr ： ：静水压 ≧100kpa"



功能性面料,抗菌面料,"抗菌面料具有良好的安全性，它可以高效完全去除织物上的细菌、真菌和霉菌，保持织物清洁，并能防止细菌再生和繁殖。




前言
抗菌面料的英文叫着：“Antimicrobial Fabric”,“Anti-Odor Fabric”,“Anti-Mite Fabric”。 抗

菌再生和繁殖。目前市场上主流的处理方式有两种：一种是内置的银离子抗菌面料，采用纺丝级抗菌技术把抗菌剂直接做到化学纤维里面；另一种是后处理技术即通过面料后续定型工艺加进去。后处理的工艺相对简单成本容易根据客户的具体要求进行控制，是市场上应用最多的一种。




抗菌的含义和目的


抗菌的含义
杀菌：杀死微生物营养体和繁殖体的作用叫作杀菌。
抑菌：防止或抑制微生物生长繁殖的作用叫作抑菌。
抗菌：抑菌和杀菌作用的总称为抗菌。


抗菌的目的
由纤维组成的纺织品面料，由于其多孔式物体形状和高分子聚合物的化学结构利于微生物附着，成为微生物生存、繁殖的良好寄生体。寄生体除了对人体的危害之外还会污染纤维，因而抗菌面料的主要目的就是消除这些不利影响。




描述及用途
抗菌面料具有良好的抗菌作用，能够消除因细菌而产生的异味，使织物保持整洁，同时避免细菌的繁殖能够起到降低再次传播的风险。
主要应用方向：袜子、内衣、工装面料、户外运动面料等。




主要技术指标
目前抗菌测试标准有美标、国标等不同标准，目前主要分为两类一类是监测出具具体数值，例如抗菌率达到99.9%；另一种是出具对数值，例如对数值为2.2、3.8等。通常对数值达到2.2以上即为检测合格。检测菌种主要有：金黄色葡萄球菌、大肠杆菌、耐甲氧西林金黄色葡萄球菌MRSA、肺炎克雷伯氏菌，真菌有白色念珠菌，霉菌有黑曲霉、球毛壳、出芽短梗霉等。
根据产品性质的不同来决定检测的菌种要求。主要检测标准：AATCC 100、AATCC 147（美标），AATCC100 是纺织品抗菌性能检测（定性），这个标准相对来说较严格一些，24小时评测的结果是以细菌减少率评估的，类似于杀菌标准。而日标和欧标的检测方法基本是抑菌检测即24小时之后细菌不增长或是微弱减少的评估。AATCC147是平行线测定法，即检测抑菌圈，这个标准主要试用与于有机的抗菌剂。国标：GB/T 20944、FZ/T73023；日标：JIS L 1902；欧标：ISO 20743。"

功能性面料,防水面料,"防水面料是一种新型的纺织面料，其成份由高分子防水透气材料（PTFE膜）加上布料复合面料而成。




面料定义
防水透气面料的主要功能有：防水，透湿，透气，绝缘，防风，保暖。从制作工艺上讲，防水透气面料的技术要求要比一般的防水面料高的多；同时从品质上来看，防水透气面料也具有其他防水面料所不具备的功能性特点。防水透气面料在加强布料气密性、水密性的同时，其独特的透汽性能，可使结构内部水汽迅速排出，避免结构孳生霉菌，并保持人体始终干爽，完美解决了透气与防风，防水，保暖等问题，是一种健康环保的新型面料。
真正的防水面料长期处于潮湿的气候环境中也能经得住渗水压力，不渗水。比如长时间地在风雨交加的户外行走，跪或坐在潮湿的地面，都不会渗水。




工作原理
在水汽的状态下，水颗粒非常细小，根据毛细运动的原理，可以顺利渗透到毛细管到另一侧，从而发生透汽现象。当水汽冷凝变成水珠后，颗粒变大，由于水珠表面张力的作用（水分子之间互相“拉扯抗衡”），水分子就不能顺利脱离水珠渗透到另一侧，也就是防止了水的渗透发生，使透汽膜有了防水的功能。




如何拒水
1、杨氏公式
一滴液体滴在固体表面，假设此表面理想平，液滴重力集中于一点，并且忽略野地的量。由于面料中纤维的表面张力（Ys）、液体的表面张力（YL）以及也已固件的界面张力（YLS）相互作用的结果，液滴会形成各种不同的形状（从圆柱形到完全铺平）。除夜地完全去平外，液滴在固体表面上处于平衡状态时，A点收到散重力的作用。[1]
角0称为接触角，当0=00时，液滴在固体表面绵普屏，这是固体表面被野地润湿的极限状态；当0=1800时，液滴为圆柱形，这是一种理想不润湿性态。在拒水整理中，可将液滴的表面张力看作常数。因此，野地能否润湿固体表面，去均与固体的表面在银行里荷叶已故的接力张力。从据说要求来说，接触角0越大越有利于水滴的滚动流失，也就是说越小越好。

2、面料粘着功
由于Ys和YLS实际上几乎不能直接测量，所以通常采用接触角0或cos0来直接评定润湿程度。但是接触角并非润湿的原因，而实际结果因此有人才有粘着功表示也一个间互相作用的关系，及润湿程度的参数。
表示粘着功的YL和cos0都是可以测定的，因此式具有实际意义的。同理，将界面上单位面积的液珠分割位为两个液珠时所需要的功为2YL，可称为液体的内聚功。从式可知，粘着功增大时，接触角减小，当粘着功等于内聚功时，即接触角为零，这是液体在固体表面完全铺平，由于cos0不能超过1，因此即使粘着功大于2YL，接触角仍保持不动。WSL=YL，则0为900。当接触角为180°时，WSL=O，表明液体和固体之间没有粘浊作用，然而由于两厢减多少存在一些粘着作用，所以接触角等于180°的情况从未发现，最多只能获得一些近似的情况，例如160°或更大一些的角度。

3、面料临界表面张力
由于固体表面张力几乎无法测量，为了了解固体表面的可润湿性，有人测定他的临界表面张力。临界表面张力虽然不能直接表示该固体的表面张力，而是表示Ys-YLS的大小，却能说明该固体表面被润湿的难易。但是应该
注意的是测定临界表面张力是一种经验方法，并且测定的范围也是十分狭小。
由表10-1可看出，除纤维素外，其他物质的临界表面张力都交税的表面张力小，所以他们都具有一定的拒水性，其中一一CF3最大，一CH一最小。显然，拥有较大接触交货较小临界表面张力的物质坐具谁整理剂，都可以获得较好的拒水效果。"

功能性面料,凉感面料,"凉感面料是采用独特的工艺，使面料具有迅速扩散体热，加速汗水排散与降低体温之作用，持久保持织物凉爽与舒适之功能。这是运动服装和户外休闲服装面料新的创举。凉感面料将为人们提供衣着舒适环保、冰感凉爽的生活品质。与凉感面料相对的是热感面料。


凉感面料适用于内衣面料、衬衫面料、床上用品面料、登山服、高尔夫服装、休闲系列服装面料、各种服饰面料、家用纺织品面料等，凉感面料整理后的纺织品表面温度适宜，令人感到凉爽舒适。凉感面料具有优异的耐洗性。"

功能性面料,阻燃面料,"目前主要的阻燃面料有：后整理阻燃面料，如纯棉、涤棉等；本质阻燃面料，如芳纶、腈棉、杜邦凯夫拉、诺梅克斯、澳大利亚PR97等。


前言
美国“非织造工业”副主编Ellen Wuagneux对阻燃技术作了简要分析。他认为，阻燃材料营销业正走热，但全球原料供应商并不同步；美国州级和联邦级新的法规以及现代化技术的兴起，都空前地对这一行业提出了新的要求和挑战。Edonis提到，该公司在整合PROBAN及PYROVATEX阻燃技术中，开发出更优质的阻燃，无论在阻燃性能和环保、色彩、手感等方面都有更优秀的表现




概述
根据市场内情分析，北美、中美和欧洲阻燃（FR）技术发展势头特好。美国南卡罗莱纳州Spartanburg的Apexical有限公司（原Apex化学生产公司）技术市场经理John Phifer说，这种形势预示市场将继续发展，并需要创新；特别是对能通过加利福尼亚州/消费产品安全委员会（CPSC）床上用品标准和非卤素阻燃处理方面的技术更感兴趣。
美国加利福尼亚州是这方面活动的热门地域，其它各州常是马首是瞻。据北卡罗莱纳州Charlotte的Basofil纤维公司的CEO，Bob Mckinnon称，加利福尼亚州是这方面当仁不让的先行者。2005年完成和通过了一些法令和规范，如联邦标准16 CFR 1633部分等；正期望有更多的阻燃方面的行动。到2006年末，绝大多数主要床上用品生产商希望生产和销售这类产品。
通过CPSC以及加利福尼亚州的努力，将率先公布一些阻燃标准，这些标准不仅是有关床上用品，还涉及居家装饰和被褥用织物。北美自由贸易协定（NAFTA）主管Ciba塑料添加剂业务的市场经理Paul Shields预料，根据标准的内容，阻燃性或阻隔织物的使用将受人青睐，具有必要FR效能的节约型阻燃产品将是最经济高效的做法。




关键仍是费用
阻燃材料生产发展前景虽好，然成本费用仍是主要关注点，特别是原料和能源价格仍是扶摇直上的今天。Basofil纤维公司，其降低成本的主要策略之一是减少高性能纤维的含量、生产更多商品，几年来这使成本费用有很大的变化。
在家居装饰品生产领域，Basofil创新了一种满足专用阻燃目标的产品，HF100，价格比老产品便宜20%，几乎涵盖了绝大多数专用于非织造产品。McKinnon宣扬：凭借其创新的混和配方，价格合理、安全科学、无毒性，不需化学剂喷洒、浸渍或其它处理；并且只要应用得当，产品性能一致，能满足各种测试要求，和其它某些化学处理溶液有所不同。
Apexical公司和用户紧密协作，根据其应用要求定制产品，取得经济高效成果，经济高效技术的重要性空前凸现，尤其在产业用纺织品领域。低浓度使用有利于降低总的价格。Ciba公司的Shields称，他们用于聚烯烃材料的阻燃剂，其添加浓度可比常规产品低得多，并可以在过程中融化（melt processable），在非织造生产中应用时，不必降低生产速度；而非熔喷性产品通常不能在这种较细纤维生产中应用。因此，能不需要二次处理，就可以一次性完成阻燃性非织造织物的生产。
Ciba降低生产成本的另一种途径是避免二次加工，如背面涂层等，通常是因为缺乏有效的过程可融化阻燃剂，需要用如背涂等方法来获得所需的阻燃性能。一次性方法的产品，其它性能不会受到阻燃剂的影响，因此通途更广泛。


发展前景
供应商强调，质量和安全性是第一位，要重于成本费用的考虑。更新、更安全、更科学性将占上风。McKinnon说，工业生产者要牢记消费者健康和安全是最为重要。
人们还期望不再使用卤素材料，部分原因是增塑剂、稳定剂和卤素阻燃剂等聚合物添加剂面临的社会压力日甚。在此以前，卤素阻燃剂是热塑性聚合物通用的防燃烧剂，常和三氧化二锑材料结合使用。Ems-Griltech的Hesselbart认为，含卤素的产品 燃烧时，会产生高浓度毒性和腐蚀性气体，并使最终成品回收利用复杂化；她最终称，Ems-Griltech的阻燃共聚酯材料可以改进防火性能，不再需要使用含卤素和含重金属的阻燃剂。


标准
GB8965-98 中国国家阻燃服标准
中国国家标准局于1998年在参照1988年同名标准与国际同类标准而颁布的工业阻燃服标准， 对以下诸方面作了详细规定：阻燃服的整体性能，衣料和缝线的阻燃性能， 衣服的机械性能，衣服的构造设计，加工制作， 成品标记和包装运输，检验方法等。
GA10-91中国消防员普通防护服性能要求及试验方法
中国国家公安部颁布的消防救火员普通防护服的标准, 规定内容有:阻燃服的整体性能，缝线和衣料的阻燃性能， 衣服的机械性能，衣服的构造设计，加工制作， 成品标记和包装运输，检验方法等。
EN531：欧盟工业热防护服标准
对阻燃服的总体性能，构造设计，尺寸的稳定性，火焰蔓延，耐热及融化金属性能，尺码标记和唛头，用户信息，识别图案等内容作了规定。
EN470-1：欧盟焊工及相近工种热防护服标准
规定了阻燃服的设计要求，材料要求， 安全要求，尺码标记和唛头， 用户信息，识别图案等。
EN479欧盟消防防护服标准
本标准规定了结构性火灾消防防护服的标准，主要考虑的是对热和火焰加以防护。本标准不包括诸如清除外溢化学物、　森林火灾、近距离救火、道路事故救助等特殊任务或特殊火险防护。标准包括总体要求，重要安全要求，附加要求，标记唛头，用户信息和识别图案。
NFPA 2112：美国消防协会闪火阻燃服标准
美国消防协会对工业闪火 （industrial flash fire）阻燃防护服在以下方面作出规定： 产品标记，用户信息，衣服设计，纤维，缝线，辅料配件，标牌。
NFPA 1971 2000版 美国消防协会消防服标准
本标准规定结构性火灾消防员着装的起码要求， 包括服装的设计， 性能，测试，以及衣服组件及配套物品（上衣，裤子，头盔， 手套，鞋靴）的检测， 本版本综合了原NFPA1971， 1973，1972和1974的内容，可全部代替后者。
NFPA 1977 1998版 美国消防协会消防服标准
本标准规定野外火灾救火消防员的着装的起码要求， 包括服装的设计， 性能，测试，以及衣服组件及配套物品（衬衣，外套，裤子，头盔，头罩，披肩， 手套，鞋靴）的检测， 本版本综合了原NFPA1971， 1972，1973和1974的内容，可全部代替后者
AS4824-2001 澳大利亚（过渡版本）消防员防护服标准
标准规定了用于野外和森林救火消防员的着装的设计要求，抽样和预处理，机械性能要求，热性能要求， 工效与舒适性要求，总体要求，制造商信息和标记唛头。
AS4967-2002 澳大利亚（过渡版本）消防防护服标准
标准规定了用于结构性火灾救火消防员的着装的设计要求，打样和预处理，热性能要求，机械性能要求， 工效与舒适性要求，总体要求，制造商信息和标记唛头。[1]


亚洲阻燃剂供应商的创新举例
日本大阪Kaneka公司生产的Kanecaron品牌改性聚丙烯腈纤维，它含35-85%丙烯腈成分，具有防燃烧性能、柔性好、染色容易。这种纤维燃烧时，需要氧气，且空气中的含氧量必须大于纤维中的含量，换言之，没有火焰就不会燃烧。进而言之，和高燃烧性的天然纤维，如棉纤维结合在一起，燃烧时Kanecaron能保持耐火性能，抵御天然纤维的燃烧火焰，缓和燃烧速度，隔绝空气，停止燃烧。很多合成纤维加热会融化，成为液态，滴溅于人体皮肤造成严重灼伤。Kanecaron纤维即使燃烧，亦不会熔成液态，而仅是炭化，稍微收缩，因此消除受伤可能性。Kanecaron的不熔滴性及其自熄灭性（炭化而防止火焰扩大）最终对使用者形成保护的环境。这种纤维的限氧指数（LOI）为28-38，显著大于一般天然纤维和合成纤维，另外其阻燃性经洗涤不衰退，可与其它非阻燃性纤维按一定比率混纺织布增进安全性。
日本Toyobo公司纺织纤维部的Toyobo Heim阻燃聚酯纤维，有长丝和短纤二种品类，在生产纤维的过程中，用共聚方法加入阻燃材料。纤维本身带阻燃性，对比一般后处理加阻燃剂的纤维，其阻燃效果更稳定，具有长效性，可经受反复家庭水洗和/或干洗，具有优异的自熄灭性，遇火时也只会产生少量的低毒性气体和烟；纤维不易吸水，洗后干燥快，产品尺寸稳定性好，不易皱缩，无需熨烫，耐日晒和抗化学剂，防虫害霉变。


阻燃面料分类
阻燃面料按照耐水洗标准可分为：
1.永久性阻燃面料
2.耐洗性（50次以上）阻燃面料
3.半耐洗性阻燃面料
4.一次性阻燃面料
阻燃面料按照成分含量可分为：
芳纶阻燃面料
生态阻燃面料
全棉阻燃面料
CVC阻燃面料
尼棉阻燃面料
多功能阻燃面料
防静电面料
防酸碱面料
抗油
阻燃面料的标准
阻燃面料需要专业的检测机构为面料做专门的检测，在SGS，ITS,国家劳保中心等检测机构为阻燃面料做了EN11611，EN11612，EN14116，NFPA2112，ASTM1506，GB8965-2009B等多种检测，面料完全符合以上标准！"

